,Species,Carbon source 1 (category),Carbon source 1 (g/L),Carbon source 1 heat of combustion (kJ/mol),Carbon source 1 heat of combustion (kJ/g),Carbon source 2 (category),Carbon source 2 (g/L),Carbon source 2 heat of combustion (kJ/mol),Carbon source 2 heat of combustion (kJ/g),Product class,Product Gibbs energy of formation in Equilibrator,Number of carbon atoms in the product,Number of hydrogen atoms in the product,Number of oxygen atoms in the product,MW of product (g/mol),Fermentation time (h),Pathway enzymatic steps,ATP cost,NADH or NADPH cost,Reactor type,Cultivation volume (L),Medium type,Temperature,pH,Estimation of N2 levels,Genes modified,Genes deleted,Genes overexpressed,Heterologous genes
203,2.0,1.0,40.0,2805.0,15.58,3.0,52.0,1988.0,10.35,2.0,-203.232941176471,17.6235294117647,33.7686274509804,2.0,869.752941176471,96.0,12.0,22.0459142394822,44.0918284789644,1.0,0.0,0.0,30.0,7.4,1.0,0.0,0.0,0.0,0.0
149,2.0,1.0,70.0,2805.0,15.58,0.0,0.0,0.0,0.0,2.0,-203.232941176471,17.6235294117647,33.7686274509804,2.0,869.752941176471,24.0,12.0,22.0459142394822,44.0918284789644,1.0,0.3,0.0,30.0,5.5,1.0,0.0,0.0,0.0,0.0
105,2.0,1.0,70.0,2805.0,15.58,0.0,0.0,0.0,0.0,2.0,-203.232941176471,17.6235294117647,33.7686274509804,2.0,869.752941176471,28.0,12.0,22.0459142394822,44.0918284789644,1.0,0.045,0.0,30.0,6.0,1.0,0.0,0.0,0.0,0.0
134,2.0,1.0,40.0,2805.0,15.58,0.0,0.0,0.0,0.0,2.0,-203.232941176471,17.6235294117647,33.7686274509804,2.0,869.752941176471,72.0,12.0,22.0459142394822,44.0918284789644,1.0,0.3,0.0,30.0,5.5,1.0,0.0,0.0,0.0,0.0
261,2.0,2.0,69.0,1660.45,18.0,9.0,2.0,0.0,0.0,2.0,-203.232941176471,17.6235294117647,33.7686274509804,2.0,869.752941176471,168.0,12.0,22.0459142394822,44.0918284789644,1.0,0.0,0.0,30.0,7.0,2.0,0.0,0.0,0.0,0.0
45,2.0,44.0,41.6,2805.0,16.0,2.0,70.0,0.0,0.0,2.0,-203.232941176471,17.6235294117647,33.7686274509804,2.0,869.752941176471,120.0,12.0,22.0459142394822,44.0918284789644,1.0,0.05,3.0,30.0,6.0,3.0,0.0,0.0,0.0,0.0
345,2.0,1.0,90.0,2805.0,15.58,0.0,0.0,0.0,0.0,2.0,-203.232941176471,17.6235294117647,33.7686274509804,2.0,869.752941176471,168.0,12.0,22.0459142394822,44.0918284789644,1.0,0.0,0.0,26.0,6.0,2.0,0.0,0.0,0.0,0.0
376,2.0,1.0,19.92,2805.0,15.58,0.0,0.0,0.0,0.0,4.0,2575.9,40.0,52.0,4.0,596.0,168.0,16.0,24.0,28.0,1.0,0.1,3.0,30.0,6.0,3.0,0.0,0.0,0.0,0.0
406,2.0,1.0,19.92,2805.0,15.58,0.0,0.0,0.0,0.0,10.0,0.0,0.0,0.0,0.0,0.0,168.0,0.0,0.0,0.0,1.0,0.1,3.0,30.0,6.0,3.0,0.0,0.0,0.0,0.0
359,2.0,1.0,40.0,2805.0,15.58,1.0,0.0,0.0,0.0,2.0,-203.232941176471,17.6235294117647,33.7686274509804,2.0,869.752941176471,168.0,12.0,22.0459142394822,44.0918284789644,1.0,0.0,0.0,30.0,7.79,2.0,0.0,0.0,0.0,0.0
326,2.0,1.0,60.0,2805.0,15.58,0.0,0.0,0.0,0.0,4.0,3394.8,40.0,56.0,0.0,536.0,48.0,13.0,24.0,20.0,5.0,0.0,0.0,30.0,5.5,2.0,0.0,0.0,0.0,0.0
78,2.0,1.0,0.0,2805.0,15.58,0.0,0.0,0.0,0.0,2.0,-203.232941176471,17.6235294117647,33.7686274509804,2.0,869.752941176471,45.0,12.0,22.0459142394822,44.0918284789644,4.0,1000.0,0.0,31.0,5.0,0.0,0.0,0.0,0.0,0.0
5,2.0,44.0,50.0,2805.0,16.0,0.0,0.0,0.0,0.0,2.0,-203.232941176471,17.6235294117647,33.7686274509804,2.0,869.752941176471,144.0,12.0,22.0459142394822,44.0918284789644,4.0,0.8,3.0,30.0,5.5,3.0,0.0,0.0,0.0,0.0
200,2.0,1.0,70.0,2805.0,15.58,3.0,13.85,1988.0,10.35,2.0,-203.232941176471,17.6235294117647,33.7686274509804,2.0,869.752941176471,264.0,12.0,22.0459142394822,44.0918284789644,1.0,0.0,0.0,22.0,4.9,1.0,0.0,0.0,0.0,0.0
332,2.0,2.0,60.0,1660.45,18.0,0.0,0.0,0.0,0.0,10.0,-63.0,1.0,1.82,0.51,0.0,288.0,0.0,0.0,0.0,5.0,0.0,0.0,30.0,0.0,2.0,0.0,0.0,0.0,0.0
240,2.0,9.0,48.2,5643.4,16.5,0.0,0.0,0.0,0.0,2.0,-203.232941176471,17.6235294117647,33.7686274509804,2.0,869.752941176471,147.0,12.0,22.0459142394822,44.0918284789644,1.0,0.0,0.0,27.0,6.0,1.0,0.0,0.0,0.0,0.0
101,2.0,1.0,70.0,2805.0,15.58,0.0,0.0,0.0,0.0,2.0,-203.232941176471,17.6235294117647,33.7686274509804,2.0,869.752941176471,28.0,12.0,22.0459142394822,44.0918284789644,1.0,0.045,0.0,30.0,6.0,1.0,0.0,0.0,0.0,0.0
217,2.0,7.0,40.0,2342.2,16.0,2.0,12.0,0.0,0.0,2.0,-203.232941176471,17.6235294117647,33.7686274509804,2.0,869.752941176471,120.0,12.0,22.0459142394822,44.0918284789644,1.0,0.0,0.0,30.0,6.3,1.0,0.0,0.0,0.0,0.0
316,2.0,1.0,0.0,2805.0,15.58,0.0,0.0,0.0,0.0,10.0,-63.0,1.0,1.82,0.51,0.0,72.0,0.0,0.0,0.0,1.0,0.0,0.0,30.0,7.4,2.0,0.0,0.0,0.0,0.0
53,2.0,44.0,20.0,2805.0,16.0,0.0,0.0,0.0,0.0,2.0,-203.232941176471,17.6235294117647,33.7686274509804,2.0,869.752941176471,51.0,12.0,22.0459142394822,44.0918284789644,1.0,0.05,3.0,27.0,6.0,3.0,0.0,0.0,0.0,0.0
361,2.0,1.0,0.0,2805.0,15.58,1.0,0.0,0.0,0.0,2.0,-203.232941176471,17.6235294117647,33.7686274509804,2.0,869.752941176471,72.0,12.0,22.0459142394822,44.0918284789644,1.0,0.0,0.0,35.0,3.79,2.0,0.0,0.0,0.0,0.0
67,2.0,44.0,0.0,2805.0,16.0,0.0,0.0,0.0,0.0,2.0,-203.232941176471,17.6235294117647,33.7686274509804,2.0,869.752941176471,72.0,12.0,22.0459142394822,44.0918284789644,0.0,0.05,3.0,30.0,0.0,3.0,0.0,0.0,0.0,0.0
56,2.0,44.0,20.0,2805.0,16.0,0.0,0.0,0.0,0.0,2.0,-203.232941176471,17.6235294117647,33.7686274509804,2.0,869.752941176471,48.0,12.0,22.0459142394822,44.0918284789644,1.0,0.03,3.0,30.0,5.5,3.0,0.0,0.0,0.0,0.0
299,2.0,2.0,50.0,1660.45,18.0,1.0,60.0,0.0,0.0,2.0,-203.232941176471,17.6235294117647,33.7686274509804,2.0,869.752941176471,142.0,12.0,22.0459142394822,44.0918284789644,1.0,0.0,0.0,28.0,0.0,2.0,0.0,0.0,0.0,0.0
252,2.0,2.5,0.0,1660.45,18.0,0.0,0.0,0.0,0.0,2.0,-203.232941176471,17.6235294117647,33.7686274509804,2.0,869.752941176471,288.0,12.0,22.0459142394822,44.0918284789644,1.0,0.0,0.0,28.0,6.0,2.0,0.0,0.0,0.0,0.0
77,2.0,1.0,70.0,2805.0,15.58,0.0,0.0,0.0,0.0,2.0,-203.232941176471,17.6235294117647,33.7686274509804,2.0,869.752941176471,24.0,12.0,22.0459142394822,44.0918284789644,4.0,1000.0,0.0,31.0,5.0,0.0,0.0,0.0,0.0,0.0
144,2.0,1.0,50.0,2805.0,15.58,0.0,0.0,0.0,0.0,4.0,3394.8,40.0,56.0,0.0,536.0,72.0,13.0,24.0,20.0,1.0,0.0,0.0,30.0,7.91,2.0,0.0,0.0,0.0,0.0
394,2.0,1.0,19.92,2805.0,15.58,0.0,0.0,0.0,0.0,10.0,0.0,0.0,0.0,0.0,0.0,168.0,0.0,0.0,0.0,1.0,0.1,3.0,30.0,6.0,3.0,0.0,0.0,0.0,0.0
15,2.0,44.0,200.0,2805.0,16.0,0.0,0.0,0.0,0.0,2.0,-203.232941176471,17.6235294117647,33.7686274509804,2.0,869.752941176471,250.0,12.0,22.0459142394822,44.0918284789644,1.0,0.05,3.0,30.0,5.5,3.0,0.0,0.0,0.0,0.0
401,2.0,1.0,19.92,2805.0,15.58,0.0,0.0,0.0,0.0,10.0,0.0,0.0,0.0,0.0,0.0,168.0,0.0,0.0,0.0,1.0,0.1,3.0,30.0,6.0,3.0,0.0,0.0,0.0,0.0
281,2.0,1.0,100.0,2805.0,15.58,0.0,0.0,0.0,0.0,9.0,-134.4,6.0,6.0,3.0,126.0,120.0,2.0,2.0,0.0,1.0,0.0,0.0,30.0,7.0,1.0,0.0,0.0,0.0,0.0
229,2.0,9.0,50.0,5643.4,16.5,0.0,0.0,0.0,0.0,2.0,-203.232941176471,17.6235294117647,33.7686274509804,2.0,869.752941176471,24.0,12.0,22.0459142394822,44.0918284789644,4.0,0.0,0.0,28.0,0.0,1.0,0.0,0.0,0.0,0.0
94,2.0,1.0,70.0,2805.0,15.58,0.0,0.0,0.0,0.0,2.0,-203.232941176471,17.6235294117647,33.7686274509804,2.0,869.752941176471,217.0,12.0,22.0459142394822,44.0918284789644,1.0,0.025,0.0,30.0,5.3,1.0,0.0,0.0,0.0,0.0
48,2.0,44.0,40.0,2805.0,16.0,0.0,0.0,0.0,0.0,2.0,-203.232941176471,17.6235294117647,33.7686274509804,2.0,869.752941176471,72.0,12.0,22.0459142394822,44.0918284789644,1.0,0.05,3.0,30.0,6.0,3.0,0.0,0.0,0.0,0.0
7,2.0,44.0,0.0,2805.0,16.0,0.0,0.0,0.0,0.0,2.0,-203.232941176471,17.6235294117647,33.7686274509804,2.0,869.752941176471,142.0,12.0,22.0459142394822,44.0918284789644,4.0,1.5,3.0,27.0,6.0,3.0,0.0,0.0,0.0,0.0
163,2.0,1.0,13.0,2805.0,15.58,0.0,0.0,0.0,0.0,2.0,-203.232941176471,17.6235294117647,33.7686274509804,2.0,869.752941176471,144.0,12.0,22.0459142394822,44.0918284789644,1.0,0.1,0.0,30.0,0.0,1.0,0.0,0.0,0.0,0.0
110,2.0,1.0,35.0,2805.0,15.58,0.0,0.0,0.0,0.0,2.0,-203.232941176471,17.6235294117647,33.7686274509804,2.0,869.752941176471,28.0,12.0,22.0459142394822,44.0918284789644,1.0,0.045,0.0,30.0,6.0,1.0,0.0,0.0,0.0,0.0
243,2.0,2.5,300.0,1660.45,18.0,0.0,0.0,0.0,0.0,2.0,-203.232941176471,17.6235294117647,33.7686274509804,2.0,869.752941176471,120.0,12.0,22.0459142394822,44.0918284789644,4.0,0.0,0.0,30.0,6.0,1.0,0.0,0.0,0.0,0.0
4,2.0,44.0,9.6,2805.0,16.0,0.0,0.0,0.0,0.0,2.0,-203.232941176471,17.6235294117647,33.7686274509804,2.0,869.752941176471,120.0,12.0,22.0459142394822,44.0918284789644,4.0,1.8,3.0,30.0,6.0,3.0,0.0,0.0,0.0,0.0
74,2.0,1.0,44.2,2805.0,15.58,0.0,0.0,0.0,0.0,2.0,-203.232941176471,17.6235294117647,33.7686274509804,2.0,869.752941176471,89.0,12.0,22.0459142394822,44.0918284789644,4.0,0.4,1.0,30.0,5.6,1.0,0.0,0.0,0.0,0.0
52,2.0,44.0,90.0,2805.0,16.0,0.0,0.0,0.0,0.0,2.0,-203.232941176471,17.6235294117647,33.7686274509804,2.0,869.752941176471,144.0,12.0,22.0459142394822,44.0918284789644,1.0,0.1,3.0,27.0,4.0,3.0,0.0,0.0,0.0,0.0
36,2.0,44.0,23.0,2805.0,16.0,0.0,0.0,0.0,0.0,2.0,-203.232941176471,17.6235294117647,33.7686274509804,2.0,869.752941176471,144.0,12.0,22.0459142394822,44.0918284789644,1.0,0.1,3.0,30.0,6.8,3.0,0.0,0.0,0.0,0.0
367,2.0,1.0,19.92,2805.0,15.58,0.0,0.0,0.0,0.0,4.0,2575.9,40.0,52.0,4.0,596.0,168.0,16.0,24.0,28.0,1.0,0.1,3.0,30.0,6.0,3.0,0.0,0.0,0.0,0.0
338,2.0,1.0,50.0,2805.0,15.58,0.0,0.0,0.0,0.0,2.0,-203.232941176471,17.6235294117647,33.7686274509804,2.0,869.752941176471,96.0,12.0,22.0459142394822,44.0918284789644,1.0,0.0,0.0,30.0,5.2,2.0,0.0,0.0,0.0,0.0
157,2.0,1.0,54.0,2805.0,15.58,0.0,0.0,0.0,0.0,2.0,-203.232941176471,17.6235294117647,33.7686274509804,2.0,869.752941176471,192.0,12.0,22.0459142394822,44.0918284789644,1.0,0.1,0.0,30.0,0.0,1.0,0.0,0.0,0.0,0.0
85,2.0,1.0,13.0,2805.0,15.58,0.0,0.0,0.0,0.0,2.0,-203.232941176471,17.6235294117647,33.7686274509804,2.0,869.752941176471,144.0,12.0,22.0459142394822,44.0918284789644,4.0,1.6,0.0,30.0,5.0,1.0,0.0,0.0,0.0,0.0
384,2.0,1.0,19.92,2805.0,15.58,0.0,0.0,0.0,0.0,4.0,2575.9,40.0,52.0,4.0,596.0,168.0,16.0,24.0,28.0,1.0,0.1,3.0,30.0,6.0,3.0,0.0,0.0,0.0,0.0
181,2.0,1.0,29.4,2805.0,15.58,0.0,0.0,0.0,0.0,2.0,-203.232941176471,17.6235294117647,33.7686274509804,2.0,869.752941176471,120.0,12.0,22.0459142394822,44.0918284789644,5.0,0.0,0.0,30.0,7.0,1.0,0.0,0.0,0.0,0.0
199,2.0,1.0,70.0,2805.0,15.58,3.0,13.85,1988.0,10.35,2.0,-203.232941176471,17.6235294117647,33.7686274509804,2.0,869.752941176471,264.0,12.0,22.0459142394822,44.0918284789644,1.0,0.0,0.0,22.0,4.9,1.0,0.0,0.0,0.0,0.0
222,2.0,7.0,40.0,2342.2,16.0,0.0,0.0,0.0,0.0,2.0,-203.232941176471,17.6235294117647,33.7686274509804,2.0,869.752941176471,189.0,12.0,22.0459142394822,44.0918284789644,1.0,0.0,0.0,28.0,6.0,1.0,0.0,0.0,0.0,0.0
355,2.0,1.0,40.0,2805.0,15.58,1.0,0.0,0.0,0.0,2.0,-203.232941176471,17.6235294117647,33.7686274509804,2.0,869.752941176471,120.0,12.0,22.0459142394822,44.0918284789644,1.0,0.0,0.0,30.0,3.76,2.0,0.0,0.0,0.0,0.0
315,2.0,1.0,0.0,2805.0,15.58,0.0,0.0,0.0,0.0,2.0,-203.232941176471,17.6235294117647,33.7686274509804,2.0,869.752941176471,312.0,12.0,22.0459142394822,44.0918284789644,1.0,0.0,0.0,26.0,6.0,2.0,0.0,0.0,0.0,0.0
80,2.0,1.0,179.4,2805.0,15.58,0.0,0.0,0.0,0.0,2.0,-203.232941176471,17.6235294117647,33.7686274509804,2.0,869.752941176471,49.0,12.0,22.0459142394822,44.0918284789644,4.0,0.5,0.0,30.0,4.0,1.0,0.0,0.0,0.0,0.0
294,2.0,2.0,48.7,1660.45,18.0,3.0,46.0,0.0,0.0,2.0,-203.232941176471,17.6235294117647,33.7686274509804,2.0,869.752941176471,336.0,12.0,22.0459142394822,44.0918284789644,1.0,0.0,0.0,28.0,6.0,1.0,0.0,0.0,0.0,0.0
40,2.0,44.0,41.6,2805.0,16.0,9.0,2.0,0.0,0.0,2.0,-203.232941176471,17.6235294117647,33.7686274509804,2.0,869.752941176471,168.0,12.0,22.0459142394822,44.0918284789644,1.0,0.1,3.0,30.0,7.0,3.0,0.0,0.0,0.0,0.0
319,2.0,1.0,0.0,2805.0,15.58,0.0,0.0,0.0,0.0,10.0,-63.0,1.0,1.82,0.51,0.0,48.0,0.0,0.0,0.0,1.0,0.0,0.0,30.0,6.0,2.0,0.0,0.0,0.0,0.0
259,2.0,2.0,80.0,1660.45,18.0,0.0,0.0,0.0,0.0,2.0,-203.232941176471,17.6235294117647,33.7686274509804,2.0,869.752941176471,120.0,12.0,22.0459142394822,44.0918284789644,1.0,0.0,0.0,30.0,6.0,1.0,0.0,0.0,0.0,0.0
57,2.0,44.0,20.0,2805.0,16.0,0.0,0.0,0.0,0.0,2.0,-203.232941176471,17.6235294117647,33.7686274509804,2.0,869.752941176471,72.0,12.0,22.0459142394822,44.0918284789644,1.0,0.05,3.0,30.0,0.0,3.0,0.0,0.0,0.0,0.0
311,2.0,2.0,0.0,1660.45,18.0,1.0,60.0,0.0,0.0,2.0,-203.232941176471,17.6235294117647,33.7686274509804,2.0,869.752941176471,142.0,12.0,22.0459142394822,44.0918284789644,1.0,0.0,0.0,28.0,0.0,2.0,0.0,0.0,0.0,0.0
49,2.0,44.0,94.0,2805.0,16.0,0.0,0.0,0.0,0.0,2.0,-203.232941176471,17.6235294117647,33.7686274509804,2.0,869.752941176471,72.0,12.0,22.0459142394822,44.0918284789644,1.0,0.05,3.0,30.0,6.0,3.0,0.0,0.0,0.0,0.0
403,2.0,1.0,19.92,2805.0,15.58,0.0,0.0,0.0,0.0,10.0,0.0,0.0,0.0,0.0,0.0,168.0,0.0,0.0,0.0,1.0,0.1,3.0,30.0,6.0,3.0,0.0,0.0,0.0,0.0
183,2.0,1.0,29.4,2805.0,15.58,3.0,5.8,1988.0,10.35,2.0,-203.232941176471,17.6235294117647,33.7686274509804,2.0,869.752941176471,24.0,12.0,22.0459142394822,44.0918284789644,5.0,0.0,0.0,30.0,7.4,1.0,0.0,0.0,0.0,0.0
397,2.0,1.0,19.92,2805.0,15.58,0.0,0.0,0.0,0.0,10.0,0.0,0.0,0.0,0.0,0.0,168.0,0.0,0.0,0.0,1.0,0.1,3.0,30.0,6.0,3.0,0.0,0.0,0.0,0.0
62,2.0,44.0,20.0,2805.0,16.0,0.0,0.0,0.0,0.0,2.0,-203.232941176471,17.6235294117647,33.7686274509804,2.0,869.752941176471,72.0,12.0,22.0459142394822,44.0918284789644,1.0,0.05,3.0,30.0,0.0,3.0,0.0,0.0,0.0,0.0
305,2.0,2.0,0.0,1660.45,18.0,0.0,0.0,0.0,0.0,2.0,-203.232941176471,17.6235294117647,33.7686274509804,2.0,869.752941176471,168.0,12.0,22.0459142394822,44.0918284789644,1.0,0.0,0.0,30.0,6.0,1.0,0.0,0.0,0.0,0.0
271,2.0,16.0,100.0,2792.0,15.5,14.0,30.0,0.0,0.0,9.0,-134.4,6.0,6.0,3.0,126.0,120.0,2.0,2.0,0.0,1.0,0.0,0.0,30.0,6.0,1.0,0.0,0.0,0.0,0.0
370,2.0,1.0,19.92,2805.0,15.58,0.0,0.0,0.0,0.0,4.0,2575.9,40.0,52.0,4.0,596.0,168.0,16.0,24.0,28.0,1.0,0.1,3.0,30.0,6.0,3.0,0.0,0.0,0.0,0.0
88,2.0,1.0,0.0,2805.0,15.58,0.0,0.0,0.0,0.0,2.0,-203.232941176471,17.6235294117647,33.7686274509804,2.0,869.752941176471,144.0,12.0,22.0459142394822,44.0918284789644,4.0,1.6,0.0,30.0,5.0,1.0,0.0,0.0,0.0,0.0
178,2.0,1.0,29.4,2805.0,15.58,0.0,0.0,0.0,0.0,2.0,-203.232941176471,17.6235294117647,33.7686274509804,2.0,869.752941176471,141.0,12.0,22.0459142394822,44.0918284789644,5.0,0.05,0.0,27.0,6.0,1.0,0.0,0.0,0.0,0.0
138,2.0,1.0,40.0,2805.0,15.58,0.0,0.0,0.0,0.0,2.0,-203.232941176471,17.6235294117647,33.7686274509804,2.0,869.752941176471,168.0,12.0,22.0459142394822,44.0918284789644,1.0,0.3,0.0,30.0,5.5,1.0,0.0,0.0,0.0,0.0
63,2.0,44.0,20.0,2805.0,16.0,0.0,0.0,0.0,0.0,2.0,-203.232941176471,17.6235294117647,33.7686274509804,2.0,869.752941176471,72.0,12.0,22.0459142394822,44.0918284789644,1.0,0.05,3.0,30.0,0.0,3.0,0.0,0.0,0.0,0.0
204,2.0,1.0,40.0,2805.0,15.58,3.0,52.0,1988.0,10.35,2.0,-203.232941176471,17.6235294117647,33.7686274509804,2.0,869.752941176471,96.0,12.0,22.0459142394822,44.0918284789644,1.0,0.0,0.0,30.0,7.4,1.0,0.0,0.0,0.0,0.0
21,2.0,44.0,125.0,2805.0,16.0,0.0,0.0,0.0,0.0,2.0,-203.232941176471,17.6235294117647,33.7686274509804,2.0,869.752941176471,120.0,12.0,22.0459142394822,44.0918284789644,1.0,0.05,3.0,25.0,6.0,3.0,0.0,0.0,0.0,0.0
270,2.0,16.0,100.0,2792.0,15.5,14.0,30.0,0.0,0.0,9.0,-134.4,6.0,6.0,3.0,126.0,120.0,2.0,2.0,0.0,1.0,0.0,0.0,30.0,6.0,1.0,0.0,0.0,0.0,0.0
237,2.0,9.0,95.0,5643.4,16.5,0.0,0.0,0.0,0.0,2.0,-203.232941176471,17.6235294117647,33.7686274509804,2.0,869.752941176471,24.0,12.0,22.0459142394822,44.0918284789644,1.0,0.0,0.0,28.0,0.0,1.0,0.0,0.0,0.0,0.0
118,2.0,1.0,500.0,2805.0,15.58,0.0,0.0,0.0,0.0,2.0,-203.232941176471,17.6235294117647,33.7686274509804,2.0,869.752941176471,144.0,12.0,22.0459142394822,44.0918284789644,1.0,0.05,0.0,30.0,6.0,1.0,0.0,0.0,0.0,0.0
107,2.0,1.0,35.0,2805.0,15.58,0.0,0.0,0.0,0.0,2.0,-203.232941176471,17.6235294117647,33.7686274509804,2.0,869.752941176471,28.0,12.0,22.0459142394822,44.0918284789644,1.0,0.045,0.0,30.0,6.0,1.0,0.0,0.0,0.0,0.0
115,2.0,1.0,500.0,2805.0,15.58,0.0,0.0,0.0,0.0,2.0,-203.232941176471,17.6235294117647,33.7686274509804,2.0,869.752941176471,72.0,12.0,22.0459142394822,44.0918284789644,1.0,0.2,0.0,30.0,5.5,1.0,0.0,0.0,0.0,0.0
263,2.0,2.0,46.0,1660.45,18.0,0.0,0.0,0.0,0.0,2.0,-203.232941176471,17.6235294117647,33.7686274509804,2.0,869.752941176471,60.0,12.0,22.0459142394822,44.0918284789644,1.0,0.0,0.0,30.0,0.0,1.0,0.0,0.0,0.0,0.0
116,2.0,1.0,500.0,2805.0,15.58,0.0,0.0,0.0,0.0,2.0,-203.232941176471,17.6235294117647,33.7686274509804,2.0,869.752941176471,72.0,12.0,22.0459142394822,44.0918284789644,1.0,0.2,0.0,30.0,6.0,1.0,0.0,0.0,0.0,0.0
185,2.0,1.0,29.4,2805.0,15.58,3.0,21.1,1988.0,10.35,2.0,-203.232941176471,17.6235294117647,33.7686274509804,2.0,869.752941176471,72.0,12.0,22.0459142394822,44.0918284789644,5.0,0.0,0.0,30.0,7.4,1.0,0.0,0.0,0.0,0.0
197,2.0,1.0,70.0,2805.0,15.58,3.0,13.85,1988.0,10.35,2.0,-203.232941176471,17.6235294117647,33.7686274509804,2.0,869.752941176471,264.0,12.0,22.0459142394822,44.0918284789644,1.0,0.0,0.0,15.0,4.9,1.0,0.0,0.0,0.0,0.0
155,2.0,1.0,50.0,2805.0,15.58,0.0,0.0,0.0,0.0,2.0,-203.232941176471,17.6235294117647,33.7686274509804,2.0,869.752941176471,168.0,12.0,22.0459142394822,44.0918284789644,1.0,0.3,0.0,30.0,5.5,1.0,0.0,0.0,0.0,0.0
26,2.0,44.0,100.0,2805.0,16.0,0.0,0.0,0.0,0.0,2.0,-203.232941176471,17.6235294117647,33.7686274509804,2.0,869.752941176471,120.0,12.0,22.0459142394822,44.0918284789644,1.0,0.05,3.0,25.0,6.5,3.0,0.0,0.0,0.0,0.0
61,2.0,44.0,20.0,2805.0,16.0,0.0,0.0,0.0,0.0,2.0,-203.232941176471,17.6235294117647,33.7686274509804,2.0,869.752941176471,72.0,12.0,22.0459142394822,44.0918284789644,1.0,0.05,3.0,30.0,0.0,3.0,0.0,0.0,0.0,0.0
282,2.0,2.0,44.5,1660.45,18.0,0.0,0.0,0.0,0.0,2.0,-203.232941176471,17.6235294117647,33.7686274509804,2.0,869.752941176471,60.0,12.0,22.0459142394822,44.0918284789644,4.0,0.0,0.0,30.0,0.0,1.0,0.0,0.0,0.0,0.0
75,2.0,1.0,70.0,2805.0,15.58,0.0,0.0,0.0,0.0,2.0,-203.232941176471,17.6235294117647,33.7686274509804,2.0,869.752941176471,24.0,12.0,22.0459142394822,44.0918284789644,4.0,10.0,0.0,31.0,5.0,0.0,0.0,0.0,0.0,0.0
82,2.0,1.0,13.0,2805.0,15.58,0.0,0.0,0.0,0.0,2.0,-203.232941176471,17.6235294117647,33.7686274509804,2.0,869.752941176471,74.0,12.0,22.0459142394822,44.0918284789644,4.0,5.0,0.0,30.0,4.5,1.0,0.0,0.0,0.0,0.0
368,2.0,1.0,19.92,2805.0,15.58,0.0,0.0,0.0,0.0,4.0,2575.9,40.0,52.0,4.0,596.0,168.0,16.0,24.0,28.0,1.0,0.1,3.0,30.0,6.0,3.0,0.0,0.0,0.0,0.0
176,2.0,1.0,29.4,2805.0,15.58,0.0,0.0,0.0,0.0,4.0,3394.8,40.0,56.0,0.0,536.0,48.0,13.0,24.0,20.0,5.0,0.0,0.0,30.0,5.5,2.0,0.0,0.0,0.0,0.0
246,2.0,2.5,20.0,1660.45,18.0,0.0,0.0,0.0,0.0,2.0,-203.232941176471,17.6235294117647,33.7686274509804,2.0,869.752941176471,168.0,12.0,22.0459142394822,44.0918284789644,1.0,0.0,0.0,30.0,6.0,1.0,0.0,0.0,0.0,0.0
100,2.0,1.0,70.0,2805.0,15.58,0.0,0.0,0.0,0.0,2.0,-203.232941176471,17.6235294117647,33.7686274509804,2.0,869.752941176471,28.0,12.0,22.0459142394822,44.0918284789644,1.0,0.045,0.0,30.0,6.0,1.0,0.0,0.0,0.0,0.0
269,2.0,2.0,100.0,1660.45,18.0,0.0,0.0,0.0,0.0,9.0,-134.4,6.0,6.0,3.0,126.0,288.0,2.0,2.0,0.0,1.0,0.0,0.0,30.0,0.0,2.0,0.0,0.0,0.0,0.0
234,2.0,9.0,20.0,5643.4,16.5,0.0,0.0,0.0,0.0,2.0,-203.232941176471,17.6235294117647,33.7686274509804,2.0,869.752941176471,24.0,12.0,22.0459142394822,44.0918284789644,1.0,0.0,0.0,28.0,0.0,1.0,0.0,0.0,0.0,0.0
244,2.0,2.5,100.0,1660.45,18.0,0.0,0.0,0.0,0.0,2.0,-203.232941176471,17.6235294117647,33.7686274509804,2.0,869.752941176471,72.0,12.0,22.0459142394822,44.0918284789644,4.0,0.0,0.0,30.0,6.0,1.0,0.0,0.0,0.0,0.0
117,2.0,1.0,500.0,2805.0,15.58,0.0,0.0,0.0,0.0,2.0,-203.232941176471,17.6235294117647,33.7686274509804,2.0,869.752941176471,96.0,12.0,22.0459142394822,44.0918284789644,1.0,0.05,0.0,30.0,6.0,1.0,0.0,0.0,0.0,0.0
404,2.0,1.0,19.92,2805.0,15.58,0.0,0.0,0.0,0.0,10.0,0.0,0.0,0.0,0.0,0.0,168.0,0.0,0.0,0.0,1.0,0.1,3.0,30.0,6.0,3.0,0.0,0.0,0.0,0.0
37,2.0,44.0,41.6,2805.0,16.0,0.0,0.0,0.0,0.0,2.0,-203.232941176471,17.6235294117647,33.7686274509804,2.0,869.752941176471,196.0,12.0,22.0459142394822,44.0918284789644,1.0,0.05,3.0,28.0,0.0,3.0,0.0,0.0,0.0,0.0
224,2.0,1.0,40.0,2805.0,15.58,0.0,0.0,0.0,0.0,4.0,3394.8,40.0,56.0,0.0,536.0,48.0,13.0,24.0,20.0,1.0,0.0,0.0,30.0,5.5,2.0,0.0,0.0,0.0,0.0
353,2.0,1.0,90.0,2805.0,15.58,0.0,0.0,0.0,0.0,2.0,-203.232941176471,17.6235294117647,33.7686274509804,2.0,869.752941176471,96.0,12.0,22.0459142394822,44.0918284789644,1.0,0.0,0.0,28.0,0.0,2.0,0.0,0.0,0.0,0.0
291,2.0,2.0,50.0,1660.45,18.0,0.0,0.0,0.0,0.0,2.0,-203.232941176471,17.6235294117647,33.7686274509804,2.0,869.752941176471,330.0,12.0,22.0459142394822,44.0918284789644,4.0,0.0,0.0,28.0,6.0,1.0,0.0,0.0,0.0,0.0
112,2.0,1.0,35.0,2805.0,15.58,0.0,0.0,0.0,0.0,2.0,-203.232941176471,17.6235294117647,33.7686274509804,2.0,869.752941176471,72.0,12.0,22.0459142394822,44.0918284789644,1.0,0.2,0.0,30.0,4.0,1.0,0.0,0.0,0.0,0.0
24,2.0,44.0,100.0,2805.0,16.0,0.0,0.0,0.0,0.0,2.0,-203.232941176471,17.6235294117647,33.7686274509804,2.0,869.752941176471,120.0,12.0,22.0459142394822,44.0918284789644,1.0,0.05,3.0,25.0,5.5,3.0,0.0,0.0,0.0,0.0
50,2.0,44.0,94.0,2805.0,16.0,0.0,0.0,0.0,0.0,2.0,-203.232941176471,17.6235294117647,33.7686274509804,2.0,869.752941176471,72.0,12.0,22.0459142394822,44.0918284789644,1.0,0.05,3.0,30.0,6.0,3.0,0.0,0.0,0.0,0.0
339,2.0,1.0,5.0,2805.0,15.58,0.0,0.0,0.0,0.0,2.0,-203.232941176471,17.6235294117647,33.7686274509804,2.0,869.752941176471,96.0,12.0,22.0459142394822,44.0918284789644,1.0,0.0,0.0,30.0,5.2,2.0,0.0,0.0,0.0,0.0
388,2.0,1.0,19.92,2805.0,15.58,0.0,0.0,0.0,0.0,4.0,2575.9,40.0,52.0,4.0,596.0,168.0,16.0,24.0,28.0,1.0,0.1,3.0,30.0,6.0,3.0,0.0,0.0,0.0,0.0
337,2.0,1.0,50.0,2805.0,15.58,0.0,0.0,0.0,0.0,2.0,-203.232941176471,17.6235294117647,33.7686274509804,2.0,869.752941176471,96.0,12.0,22.0459142394822,44.0918284789644,5.0,0.0,0.0,30.0,5.2,2.0,0.0,0.0,0.0,0.0
219,2.0,7.0,40.0,2342.2,16.0,2.0,12.0,0.0,0.0,2.0,-203.232941176471,17.6235294117647,33.7686274509804,2.0,869.752941176471,120.0,12.0,22.0459142394822,44.0918284789644,1.0,0.0,0.0,30.0,6.3,1.0,0.0,0.0,0.0,0.0
72,2.0,1.0,42.1,2805.0,15.58,8.0,8.0,2810.4,16.0,2.0,-203.232941176471,17.6235294117647,33.7686274509804,2.0,869.752941176471,161.0,12.0,22.0459142394822,44.0918284789644,4.0,0.4,1.0,30.0,5.6,1.0,0.0,0.0,0.0,0.0
136,2.0,1.0,40.0,2805.0,15.58,0.0,0.0,0.0,0.0,2.0,-203.232941176471,17.6235294117647,33.7686274509804,2.0,869.752941176471,120.0,12.0,22.0459142394822,44.0918284789644,1.0,0.3,0.0,30.0,5.5,1.0,0.0,0.0,0.0,0.0
14,2.0,44.0,200.0,2805.0,16.0,0.0,0.0,0.0,0.0,2.0,-203.232941176471,17.6235294117647,33.7686274509804,2.0,869.752941176471,250.0,12.0,22.0459142394822,44.0918284789644,1.0,0.05,3.0,30.0,5.5,3.0,0.0,0.0,0.0,0.0
215,2.0,7.0,40.0,2342.2,16.0,0.0,0.0,0.0,0.0,2.0,-203.232941176471,17.6235294117647,33.7686274509804,2.0,869.752941176471,313.0,12.0,22.0459142394822,44.0918284789644,1.0,0.0,0.0,30.0,5.3,1.0,0.0,0.0,0.0,0.0
395,2.0,1.0,19.92,2805.0,15.58,0.0,0.0,0.0,0.0,10.0,0.0,0.0,0.0,0.0,0.0,168.0,0.0,0.0,0.0,1.0,0.1,3.0,30.0,6.0,3.0,0.0,0.0,0.0,0.0
351,2.0,1.0,90.0,2805.0,15.58,0.0,0.0,0.0,0.0,2.0,-203.232941176471,17.6235294117647,33.7686274509804,2.0,869.752941176471,96.0,12.0,22.0459142394822,44.0918284789644,1.0,0.0,0.0,28.0,0.0,2.0,0.0,0.0,0.0,0.0
11,2.0,44.0,9.6,2805.0,16.0,0.0,0.0,0.0,0.0,2.0,-203.232941176471,17.6235294117647,33.7686274509804,2.0,869.752941176471,120.0,12.0,22.0459142394822,44.0918284789644,1.0,0.1,3.0,30.0,6.0,3.0,0.0,0.0,0.0,0.0
302,2.0,2.0,0.0,1660.45,18.0,1.0,60.0,0.0,0.0,2.0,-203.232941176471,17.6235294117647,33.7686274509804,2.0,869.752941176471,142.0,12.0,22.0459142394822,44.0918284789644,1.0,0.0,0.0,28.0,0.0,2.0,0.0,0.0,0.0,0.0
273,2.0,16.0,100.0,2792.0,15.5,14.0,30.0,0.0,0.0,9.0,-134.4,6.0,6.0,3.0,126.0,120.0,2.0,2.0,0.0,1.0,0.0,0.0,30.0,6.0,1.0,0.0,0.0,0.0,0.0
140,2.0,1.0,40.0,2805.0,15.58,0.0,0.0,0.0,0.0,4.0,3394.8,40.0,56.0,0.0,536.0,72.0,13.0,24.0,20.0,1.0,0.0,0.0,35.0,3.78,2.0,0.0,0.0,0.0,0.0
365,2.0,1.0,20.0,2805.0,15.58,1.0,0.0,0.0,0.0,2.0,-203.232941176471,17.6235294117647,33.7686274509804,2.0,869.752941176471,72.0,12.0,22.0459142394822,44.0918284789644,1.0,0.0,0.0,30.0,7.63,2.0,0.0,0.0,0.0,0.0
402,2.0,1.0,19.92,2805.0,15.58,0.0,0.0,0.0,0.0,10.0,0.0,0.0,0.0,0.0,0.0,168.0,0.0,0.0,0.0,1.0,0.1,3.0,30.0,6.0,3.0,0.0,0.0,0.0,0.0
385,2.0,1.0,19.92,2805.0,15.58,0.0,0.0,0.0,0.0,4.0,2575.9,40.0,52.0,4.0,596.0,168.0,16.0,24.0,28.0,1.0,0.1,3.0,30.0,6.0,3.0,0.0,0.0,0.0,0.0
122,2.0,1.0,54.0,2805.0,15.58,0.0,0.0,0.0,0.0,2.0,-203.232941176471,17.6235294117647,33.7686274509804,2.0,869.752941176471,144.0,12.0,22.0459142394822,44.0918284789644,1.0,0.05,0.0,30.0,6.0,1.0,0.0,0.0,0.0,0.0
196,2.0,1.0,70.0,2805.0,15.58,3.0,13.85,1988.0,10.35,2.0,-203.232941176471,17.6235294117647,33.7686274509804,2.0,869.752941176471,264.0,12.0,22.0459142394822,44.0918284789644,4.0,0.0,0.0,15.0,4.9,1.0,0.0,0.0,0.0,0.0
127,2.0,1.0,54.0,2805.0,15.58,0.0,0.0,0.0,0.0,2.0,-203.232941176471,17.6235294117647,33.7686274509804,2.0,869.752941176471,96.0,12.0,22.0459142394822,44.0918284789644,1.0,0.05,0.0,30.0,6.0,1.0,0.0,0.0,0.0,0.0
381,2.0,1.0,19.92,2805.0,15.58,0.0,0.0,0.0,0.0,4.0,2575.9,40.0,52.0,4.0,596.0,168.0,16.0,24.0,28.0,1.0,0.1,3.0,30.0,6.0,3.0,0.0,0.0,0.0,0.0
205,2.0,1.0,40.0,2805.0,15.58,0.0,0.0,0.0,0.0,2.0,-203.232941176471,17.6235294117647,33.7686274509804,2.0,869.752941176471,120.0,12.0,22.0459142394822,44.0918284789644,1.0,0.0,0.0,33.0,0.0,1.0,0.0,0.0,0.0,0.0
225,2.0,7.0,30.0,2342.2,16.0,2.0,12.0,0.0,0.0,2.0,-203.232941176471,17.6235294117647,33.7686274509804,2.0,869.752941176471,120.0,12.0,22.0459142394822,44.0918284789644,1.0,0.0,0.0,30.0,6.3,1.0,0.0,0.0,0.0,0.0
18,2.0,44.0,50.0,2805.0,16.0,0.0,0.0,0.0,0.0,2.0,-203.232941176471,17.6235294117647,33.7686274509804,2.0,869.752941176471,120.0,12.0,22.0459142394822,44.0918284789644,1.0,0.05,3.0,25.0,6.0,3.0,0.0,0.0,0.0,0.0
187,2.0,1.0,29.4,2805.0,15.58,3.0,21.1,1988.0,10.35,2.0,-203.232941176471,17.6235294117647,33.7686274509804,2.0,869.752941176471,96.0,12.0,22.0459142394822,44.0918284789644,5.0,0.0,0.0,30.0,7.4,1.0,0.0,0.0,0.0,0.0
188,2.0,1.0,98.0,2805.0,15.58,3.0,21.1,1988.0,10.35,2.0,-203.232941176471,17.6235294117647,33.7686274509804,2.0,869.752941176471,96.0,12.0,22.0459142394822,44.0918284789644,5.0,0.0,0.0,30.0,7.4,1.0,0.0,0.0,0.0,0.0
399,2.0,1.0,19.92,2805.0,15.58,0.0,0.0,0.0,0.0,10.0,0.0,0.0,0.0,0.0,0.0,168.0,0.0,0.0,0.0,1.0,0.1,3.0,30.0,6.0,3.0,0.0,0.0,0.0,0.0
1,2.0,44.0,0.0,2805.0,16.0,0.0,0.0,0.0,0.0,8.0,0.0,10.0,18.0,1.0,154.0,168.0,0.0,0.0,0.0,4.0,2.0,3.0,23.0,7.4,3.0,0.0,0.0,0.0,0.0
409,2.0,1.0,19.92,2805.0,15.58,0.0,0.0,0.0,0.0,10.0,0.0,0.0,0.0,0.0,0.0,168.0,0.0,0.0,0.0,1.0,0.1,3.0,30.0,6.0,3.0,0.0,0.0,0.0,0.0
198,2.0,1.0,70.0,2805.0,15.58,3.0,13.85,1988.0,10.35,2.0,-203.232941176471,17.6235294117647,33.7686274509804,2.0,869.752941176471,264.0,12.0,22.0459142394822,44.0918284789644,1.0,0.0,0.0,15.0,4.9,1.0,0.0,0.0,0.0,0.0
174,2.0,1.0,59.6,2805.0,15.58,0.0,0.0,0.0,0.0,2.0,-203.232941176471,17.6235294117647,33.7686274509804,2.0,869.752941176471,40.0,12.0,22.0459142394822,44.0918284789644,1.0,0.05,0.0,30.0,5.5,1.0,0.0,0.0,0.0,0.0
241,2.0,2.5,100.0,1660.45,18.0,0.0,0.0,0.0,0.0,2.0,-203.232941176471,17.6235294117647,33.7686274509804,2.0,869.752941176471,72.0,12.0,22.0459142394822,44.0918284789644,4.0,0.0,0.0,30.0,6.0,1.0,0.0,0.0,0.0,0.0
414,2.0,1.0,19.92,2805.0,15.58,0.0,0.0,0.0,0.0,4.0,2575.9,40.0,52.0,4.0,596.0,96.0,16.0,24.0,28.0,1.0,0.1,3.0,30.0,6.0,3.0,3.0,0.0,0.0,4.0
86,2.0,1.0,35.0,2805.0,15.58,0.0,0.0,0.0,0.0,2.0,-203.232941176471,17.6235294117647,33.7686274509804,2.0,869.752941176471,144.0,12.0,22.0459142394822,44.0918284789644,4.0,1.6,0.0,30.0,5.0,1.0,0.0,0.0,0.0,0.0
276,2.0,16.0,100.0,2792.0,15.5,0.0,0.0,0.0,0.0,9.0,-134.4,6.0,6.0,3.0,126.0,147.0,2.0,2.0,0.0,1.0,0.0,0.0,27.0,6.0,1.0,0.0,0.0,0.0,0.0
145,2.0,1.0,30.0,2805.0,15.58,0.0,0.0,0.0,0.0,4.0,3394.8,40.0,56.0,0.0,536.0,168.0,13.0,24.0,20.0,1.0,0.0,0.0,22.0,5.0,2.0,0.0,0.0,0.0,0.0
43,2.0,44.0,41.6,2805.0,16.0,2.0,70.0,0.0,0.0,2.0,-203.232941176471,17.6235294117647,33.7686274509804,2.0,869.752941176471,120.0,12.0,22.0459142394822,44.0918284789644,1.0,0.05,3.0,30.0,6.0,3.0,0.0,0.0,0.0,0.0
306,2.0,2.0,0.0,1660.45,18.0,16.0,15.0,0.0,0.0,2.0,-203.232941176471,17.6235294117647,33.7686274509804,2.0,869.752941176471,168.0,12.0,22.0459142394822,44.0918284789644,1.0,0.0,0.0,30.0,6.0,1.0,0.0,0.0,0.0,0.0
79,2.0,1.0,630.0,2805.0,15.58,0.0,0.0,0.0,0.0,2.0,-203.232941176471,17.6235294117647,33.7686274509804,2.0,869.752941176471,26.0,12.0,22.0459142394822,44.0918284789644,4.0,0.5,0.0,30.0,4.0,1.0,0.0,0.0,0.0,0.0
64,2.0,44.0,20.0,2805.0,16.0,0.0,0.0,0.0,0.0,2.0,-203.232941176471,17.6235294117647,33.7686274509804,2.0,869.752941176471,72.0,12.0,22.0459142394822,44.0918284789644,1.0,0.05,3.0,30.0,0.0,3.0,0.0,0.0,0.0,0.0
267,2.0,2.0,23.0,1660.45,18.0,0.0,0.0,0.0,0.0,9.0,-134.4,6.0,6.0,3.0,126.0,288.0,2.0,2.0,0.0,1.0,0.0,0.0,30.0,0.0,2.0,0.0,0.0,0.0,0.0
314,2.0,1.0,0.0,2805.0,15.58,0.0,0.0,0.0,0.0,2.0,-203.232941176471,17.6235294117647,33.7686274509804,2.0,869.752941176471,160.0,12.0,22.0459142394822,44.0918284789644,1.0,0.0,0.0,26.0,6.0,2.0,0.0,0.0,0.0,0.0
330,2.0,4.0,60.0,874.0,14.55,0.0,0.0,0.0,0.0,10.0,-63.0,1.0,1.82,0.51,0.0,0.0,0.0,0.0,0.0,5.0,0.0,0.0,30.0,5.5,1.0,0.0,0.0,0.0,0.0
372,2.0,1.0,19.92,2805.0,15.58,0.0,0.0,0.0,0.0,4.0,2575.9,40.0,52.0,4.0,596.0,168.0,16.0,24.0,28.0,1.0,0.1,3.0,30.0,6.0,3.0,0.0,0.0,0.0,0.0
245,2.0,2.5,20.0,1660.45,18.0,0.0,0.0,0.0,0.0,2.0,-203.232941176471,17.6235294117647,33.7686274509804,2.0,869.752941176471,120.0,12.0,22.0459142394822,44.0918284789644,1.0,0.0,0.0,30.0,6.0,1.0,0.0,0.0,0.0,0.0
87,2.0,1.0,35.0,2805.0,15.58,0.0,0.0,0.0,0.0,2.0,-203.232941176471,17.6235294117647,33.7686274509804,2.0,869.752941176471,144.0,12.0,22.0459142394822,44.0918284789644,4.0,1.6,0.0,30.0,5.0,1.0,0.0,0.0,0.0,0.0
295,2.0,2.0,44.5,1660.45,18.0,3.0,46.0,0.0,0.0,2.0,-203.232941176471,17.6235294117647,33.7686274509804,2.0,869.752941176471,360.0,12.0,22.0459142394822,44.0918284789644,1.0,0.0,0.0,28.0,6.0,1.0,0.0,0.0,0.0,0.0
280,2.0,1.0,100.0,2805.0,15.58,0.0,0.0,0.0,0.0,9.0,-134.4,6.0,6.0,3.0,126.0,120.0,2.0,2.0,0.0,1.0,0.0,0.0,30.0,7.0,1.0,0.0,0.0,0.0,0.0
98,2.0,1.0,70.0,2805.0,15.58,0.0,0.0,0.0,0.0,2.0,-203.232941176471,17.6235294117647,33.7686274509804,2.0,869.752941176471,289.0,12.0,22.0459142394822,44.0918284789644,1.0,0.025,0.0,30.0,5.3,1.0,0.0,0.0,0.0,0.0
411,2.0,1.0,19.92,2805.0,15.58,0.0,0.0,0.0,0.0,10.0,0.0,0.0,0.0,0.0,0.0,168.0,0.0,0.0,0.0,1.0,0.1,3.0,30.0,6.0,3.0,0.0,0.0,0.0,0.0
227,2.0,7.0,50.0,2342.2,16.0,2.0,12.0,0.0,0.0,2.0,-203.232941176471,17.6235294117647,33.7686274509804,2.0,869.752941176471,120.0,12.0,22.0459142394822,44.0918284789644,4.0,0.0,0.0,30.0,6.3,1.0,0.0,0.0,0.0,0.0
296,2.0,2.0,47.9,1660.45,18.0,3.0,46.0,0.0,0.0,2.0,-203.232941176471,17.6235294117647,33.7686274509804,2.0,869.752941176471,97.0,12.0,22.0459142394822,44.0918284789644,1.0,0.0,0.0,28.0,6.0,1.0,0.0,0.0,0.0,0.0
318,2.0,1.0,0.0,2805.0,15.58,0.0,0.0,0.0,0.0,10.0,-63.0,1.0,1.82,0.51,0.0,120.0,0.0,0.0,0.0,1.0,0.0,0.0,30.0,7.4,2.0,0.0,0.0,0.0,0.0
76,2.0,1.0,70.0,2805.0,15.58,0.0,0.0,0.0,0.0,2.0,-203.232941176471,17.6235294117647,33.7686274509804,2.0,869.752941176471,24.0,12.0,22.0459142394822,44.0918284789644,4.0,150.0,0.0,31.0,5.0,0.0,0.0,0.0,0.0,0.0
253,2.0,2.5,0.0,1660.45,18.0,0.0,0.0,0.0,0.0,2.0,-203.232941176471,17.6235294117647,33.7686274509804,2.0,869.752941176471,395.0,12.0,22.0459142394822,44.0918284789644,1.0,0.0,0.0,28.0,6.0,2.0,0.0,0.0,0.0,0.0
12,2.0,44.0,9.6,2805.0,16.0,0.0,0.0,0.0,0.0,2.0,-203.232941176471,17.6235294117647,33.7686274509804,2.0,869.752941176471,120.0,12.0,22.0459142394822,44.0918284789644,1.0,0.1,3.0,30.0,6.0,3.0,0.0,0.0,0.0,0.0
58,2.0,44.0,20.0,2805.0,16.0,0.0,0.0,0.0,0.0,2.0,-203.232941176471,17.6235294117647,33.7686274509804,2.0,869.752941176471,72.0,12.0,22.0459142394822,44.0918284789644,1.0,0.05,3.0,30.0,0.0,3.0,0.0,0.0,0.0,0.0
293,2.0,2.0,43.6,1660.45,18.0,3.0,23.0,0.0,0.0,2.0,-203.232941176471,17.6235294117647,33.7686274509804,2.0,869.752941176471,142.0,12.0,22.0459142394822,44.0918284789644,1.0,0.0,0.0,28.0,6.0,1.0,0.0,0.0,0.0,0.0
350,2.0,1.0,90.0,2805.0,15.58,0.0,0.0,0.0,0.0,2.0,-203.232941176471,17.6235294117647,33.7686274509804,2.0,869.752941176471,168.0,12.0,22.0459142394822,44.0918284789644,1.0,0.0,0.0,26.0,6.0,2.0,0.0,0.0,0.0,0.0
247,2.0,2.5,20.0,1660.45,18.0,0.0,0.0,0.0,0.0,2.0,-203.232941176471,17.6235294117647,33.7686274509804,2.0,869.752941176471,168.0,12.0,22.0459142394822,44.0918284789644,1.0,0.0,0.0,30.0,7.0,1.0,0.0,0.0,0.0,0.0
336,2.0,1.0,50.0,2805.0,15.58,0.0,0.0,0.0,0.0,2.0,-203.232941176471,17.6235294117647,33.7686274509804,2.0,869.752941176471,144.0,12.0,22.0459142394822,44.0918284789644,5.0,0.0,0.0,30.0,5.6,2.0,0.0,0.0,0.0,0.0
393,2.0,1.0,19.92,2805.0,15.58,0.0,0.0,0.0,0.0,10.0,0.0,0.0,0.0,0.0,0.0,168.0,0.0,0.0,0.0,1.0,0.1,3.0,30.0,6.0,3.0,0.0,0.0,0.0,0.0
97,2.0,1.0,70.0,2805.0,15.58,0.0,0.0,0.0,0.0,2.0,-203.232941176471,17.6235294117647,33.7686274509804,2.0,869.752941176471,289.0,12.0,22.0459142394822,44.0918284789644,1.0,0.025,0.0,30.0,5.3,1.0,0.0,0.0,0.0,0.0
8,2.0,44.0,0.0,2805.0,16.0,0.0,0.0,0.0,0.0,2.0,-203.232941176471,17.6235294117647,33.7686274509804,2.0,869.752941176471,118.0,12.0,22.0459142394822,44.0918284789644,4.0,1.5,3.0,27.0,6.0,3.0,0.0,0.0,0.0,0.0
71,2.0,44.0,50.7,2805.0,16.0,0.0,0.0,0.0,0.0,2.0,-203.232941176471,17.6235294117647,33.7686274509804,2.0,869.752941176471,168.0,12.0,22.0459142394822,44.0918284789644,4.0,2.0,3.0,23.0,7.4,3.0,0.0,0.0,0.0,0.0
284,2.0,2.0,110.3,1660.45,18.0,0.0,0.0,0.0,0.0,2.0,-203.232941176471,17.6235294117647,33.7686274509804,2.0,869.752941176471,72.0,12.0,22.0459142394822,44.0918284789644,4.0,0.0,0.0,30.0,5.5,1.0,0.0,0.0,0.0,0.0
172,2.0,1.0,27.0,2805.0,15.58,0.0,0.0,0.0,0.0,2.0,-203.232941176471,17.6235294117647,33.7686274509804,2.0,869.752941176471,65.0,12.0,22.0459142394822,44.0918284789644,1.0,0.05,0.0,30.0,5.5,1.0,0.0,0.0,0.0,0.0
130,2.0,1.0,40.0,2805.0,15.58,0.0,0.0,0.0,0.0,2.0,-203.232941176471,17.6235294117647,33.7686274509804,2.0,869.752941176471,96.0,12.0,22.0459142394822,44.0918284789644,1.0,0.05,0.0,30.0,6.0,1.0,0.0,0.0,0.0,0.0
128,2.0,1.0,40.0,2805.0,15.58,0.0,0.0,0.0,0.0,2.0,-203.232941176471,17.6235294117647,33.7686274509804,2.0,869.752941176471,96.0,12.0,22.0459142394822,44.0918284789644,1.0,0.05,0.0,30.0,6.0,1.0,0.0,0.0,0.0,0.0
218,2.0,7.0,40.0,2342.2,16.0,2.0,12.0,0.0,0.0,2.0,-203.232941176471,17.6235294117647,33.7686274509804,2.0,869.752941176471,120.0,12.0,22.0459142394822,44.0918284789644,1.0,0.0,0.0,30.0,6.3,1.0,0.0,0.0,0.0,0.0
307,2.0,2.0,0.0,1660.45,18.0,1.0,60.0,0.0,0.0,2.0,-203.232941176471,17.6235294117647,33.7686274509804,2.0,869.752941176471,142.0,12.0,22.0459142394822,44.0918284789644,1.0,0.0,0.0,28.0,0.0,2.0,0.0,0.0,0.0,0.0
329,2.0,4.0,60.0,874.0,14.55,0.0,0.0,0.0,0.0,10.0,-63.0,1.0,1.82,0.51,0.0,0.0,0.0,0.0,0.0,5.0,0.0,0.0,30.0,5.5,1.0,0.0,0.0,0.0,0.0
208,2.0,7.0,92.0,2342.2,16.0,0.0,0.0,0.0,0.0,2.0,-203.232941176471,17.6235294117647,33.7686274509804,2.0,869.752941176471,73.0,12.0,22.0459142394822,44.0918284789644,1.0,0.0,0.0,30.0,4.0,1.0,0.0,0.0,0.0,0.0
209,2.0,7.0,40.0,2342.2,16.0,0.0,0.0,0.0,0.0,2.0,-203.232941176471,17.6235294117647,33.7686274509804,2.0,869.752941176471,85.0,12.0,22.0459142394822,44.0918284789644,1.0,0.0,0.0,30.0,4.0,1.0,0.0,0.0,0.0,0.0
346,2.0,1.0,90.0,2805.0,15.58,0.0,0.0,0.0,0.0,2.0,-203.232941176471,17.6235294117647,33.7686274509804,2.0,869.752941176471,144.0,12.0,22.0459142394822,44.0918284789644,1.0,0.0,0.0,26.0,6.0,2.0,0.0,0.0,0.0,0.0
238,2.0,9.0,120.0,5643.4,16.5,0.0,0.0,0.0,0.0,2.0,-203.232941176471,17.6235294117647,33.7686274509804,2.0,869.752941176471,24.0,12.0,22.0459142394822,44.0918284789644,1.0,0.0,0.0,28.0,0.0,1.0,0.0,0.0,0.0,0.0
20,2.0,44.0,100.0,2805.0,16.0,0.0,0.0,0.0,0.0,2.0,-203.232941176471,17.6235294117647,33.7686274509804,2.0,869.752941176471,120.0,12.0,22.0459142394822,44.0918284789644,1.0,0.05,3.0,25.0,6.0,3.0,0.0,0.0,0.0,0.0
180,2.0,1.0,29.4,2805.0,15.58,0.0,0.0,0.0,0.0,2.0,-203.232941176471,17.6235294117647,33.7686274509804,2.0,869.752941176471,120.0,12.0,22.0459142394822,44.0918284789644,5.0,0.0,0.0,30.0,7.0,1.0,0.0,0.0,0.0,0.0
73,2.0,1.0,30.8,2805.0,15.58,8.0,8.0,2810.4,16.0,2.0,-203.232941176471,17.6235294117647,33.7686274509804,2.0,869.752941176471,98.0,12.0,22.0459142394822,44.0918284789644,4.0,0.4,1.0,30.0,5.6,1.0,0.0,0.0,0.0,0.0
19,2.0,44.0,75.0,2805.0,16.0,0.0,0.0,0.0,0.0,2.0,-203.232941176471,17.6235294117647,33.7686274509804,2.0,869.752941176471,120.0,12.0,22.0459142394822,44.0918284789644,1.0,0.05,3.0,25.0,6.0,3.0,0.0,0.0,0.0,0.0
146,2.0,1.0,40.0,2805.0,15.58,0.0,0.0,0.0,0.0,4.0,3394.8,40.0,56.0,0.0,536.0,168.0,13.0,24.0,20.0,1.0,0.0,0.0,22.0,5.0,2.0,0.0,0.0,0.0,0.0
23,2.0,44.0,100.0,2805.0,16.0,0.0,0.0,0.0,0.0,2.0,-203.232941176471,17.6235294117647,33.7686274509804,2.0,869.752941176471,120.0,12.0,22.0459142394822,44.0918284789644,1.0,0.05,3.0,25.0,5.0,3.0,0.0,0.0,0.0,0.0
278,2.0,43.0,100.0,34734.5,17.9,0.0,0.0,0.0,0.0,9.0,-134.4,6.0,6.0,3.0,126.0,72.0,2.0,2.0,0.0,1.0,0.0,0.0,30.0,6.5,2.0,0.0,0.0,0.0,0.0
232,2.0,9.0,20.0,5643.4,16.5,0.0,0.0,0.0,0.0,2.0,-203.232941176471,17.6235294117647,33.7686274509804,2.0,869.752941176471,24.0,12.0,22.0459142394822,44.0918284789644,1.0,0.0,0.0,28.0,0.0,1.0,0.0,0.0,0.0,0.0
143,2.0,1.0,40.0,2805.0,15.58,0.0,0.0,0.0,0.0,4.0,3394.8,40.0,56.0,0.0,536.0,120.0,13.0,24.0,20.0,1.0,0.0,0.0,25.0,8.29,2.0,0.0,0.0,0.0,0.0
131,2.0,1.0,40.0,2805.0,15.58,0.0,0.0,0.0,0.0,2.0,-203.232941176471,17.6235294117647,33.7686274509804,2.0,869.752941176471,96.0,12.0,22.0459142394822,44.0918284789644,1.0,0.05,0.0,30.0,6.0,1.0,0.0,0.0,0.0,0.0
168,2.0,1.0,98.0,2805.0,15.58,0.0,0.0,0.0,0.0,2.0,-203.232941176471,17.6235294117647,33.7686274509804,2.0,869.752941176471,144.0,12.0,22.0459142394822,44.0918284789644,1.0,0.1,0.0,30.0,0.0,1.0,0.0,0.0,0.0,0.0
2,2.0,44.0,0.0,2805.0,16.0,0.0,0.0,0.0,0.0,8.0,0.0,10.0,18.0,1.0,154.0,168.0,0.0,0.0,0.0,4.0,2.0,3.0,23.0,7.4,3.0,0.0,0.0,0.0,0.0
239,2.0,9.0,180.0,5643.4,16.5,0.0,0.0,0.0,0.0,2.0,-203.232941176471,17.6235294117647,33.7686274509804,2.0,869.752941176471,24.0,12.0,22.0459142394822,44.0918284789644,1.0,0.0,0.0,28.0,0.0,1.0,0.0,0.0,0.0,0.0
175,2.0,1.0,59.6,2805.0,15.58,0.0,0.0,0.0,0.0,2.0,-203.232941176471,17.6235294117647,33.7686274509804,2.0,869.752941176471,40.0,12.0,22.0459142394822,44.0918284789644,1.0,0.05,0.0,30.0,5.5,1.0,0.0,0.0,0.0,0.0
230,2.0,9.0,50.0,5643.4,16.5,0.0,0.0,0.0,0.0,2.0,-203.232941176471,17.6235294117647,33.7686274509804,2.0,869.752941176471,24.0,12.0,22.0459142394822,44.0918284789644,4.0,0.0,0.0,28.0,0.0,1.0,0.0,0.0,0.0,0.0
161,2.0,1.0,50.0,2805.0,15.58,0.0,0.0,0.0,0.0,2.0,-203.232941176471,17.6235294117647,33.7686274509804,2.0,869.752941176471,144.0,12.0,22.0459142394822,44.0918284789644,1.0,0.1,0.0,30.0,0.0,1.0,0.0,0.0,0.0,0.0
59,2.0,44.0,20.0,2805.0,16.0,0.0,0.0,0.0,0.0,2.0,-203.232941176471,17.6235294117647,33.7686274509804,2.0,869.752941176471,72.0,12.0,22.0459142394822,44.0918284789644,1.0,0.05,3.0,30.0,0.0,3.0,0.0,0.0,0.0,0.0
373,2.0,1.0,19.92,2805.0,15.58,0.0,0.0,0.0,0.0,4.0,2575.9,40.0,52.0,4.0,596.0,168.0,16.0,24.0,28.0,1.0,0.1,3.0,30.0,6.0,3.0,0.0,0.0,0.0,0.0
221,2.0,7.0,40.0,2342.2,16.0,0.0,0.0,0.0,0.0,2.0,-203.232941176471,17.6235294117647,33.7686274509804,2.0,869.752941176471,214.0,12.0,22.0459142394822,44.0918284789644,1.0,0.0,0.0,28.0,6.0,1.0,0.0,0.0,0.0,0.0
213,2.0,7.0,40.0,2342.2,16.0,0.0,0.0,0.0,0.0,2.0,-203.232941176471,17.6235294117647,33.7686274509804,2.0,869.752941176471,385.0,12.0,22.0459142394822,44.0918284789644,1.0,0.0,0.0,30.0,5.3,1.0,0.0,0.0,0.0,0.0
165,2.0,1.0,29.4,2805.0,15.58,0.0,0.0,0.0,0.0,2.0,-203.232941176471,17.6235294117647,33.7686274509804,2.0,869.752941176471,144.0,12.0,22.0459142394822,44.0918284789644,1.0,0.1,0.0,30.0,0.0,1.0,0.0,0.0,0.0,0.0
362,2.0,1.0,0.0,2805.0,15.58,1.0,0.0,0.0,0.0,2.0,-203.232941176471,17.6235294117647,33.7686274509804,2.0,869.752941176471,120.0,12.0,22.0459142394822,44.0918284789644,1.0,0.0,0.0,25.0,6.52,2.0,0.0,0.0,0.0,0.0
250,2.0,2.5,120.0,1660.45,18.0,0.0,0.0,0.0,0.0,2.0,-203.232941176471,17.6235294117647,33.7686274509804,2.0,869.752941176471,168.0,12.0,22.0459142394822,44.0918284789644,1.0,0.0,0.0,30.0,7.0,1.0,0.0,0.0,0.0,0.0
390,2.0,1.0,19.92,2805.0,15.58,0.0,0.0,0.0,0.0,4.0,2575.9,40.0,52.0,4.0,596.0,168.0,16.0,24.0,28.0,1.0,0.1,3.0,30.0,6.0,3.0,0.0,0.0,0.0,0.0
378,2.0,1.0,19.92,2805.0,15.58,0.0,0.0,0.0,0.0,4.0,2575.9,40.0,52.0,4.0,596.0,168.0,16.0,24.0,28.0,1.0,0.1,3.0,30.0,6.0,3.0,0.0,0.0,0.0,0.0
60,2.0,44.0,20.0,2805.0,16.0,0.0,0.0,0.0,0.0,2.0,-203.232941176471,17.6235294117647,33.7686274509804,2.0,869.752941176471,72.0,12.0,22.0459142394822,44.0918284789644,1.0,0.05,3.0,30.0,0.0,3.0,0.0,0.0,0.0,0.0
265,2.0,2.0,46.0,1660.45,18.0,0.0,0.0,0.0,0.0,2.0,-203.232941176471,17.6235294117647,33.7686274509804,2.0,869.752941176471,60.0,12.0,22.0459142394822,44.0918284789644,1.0,0.0,0.0,30.0,0.0,1.0,0.0,0.0,0.0,0.0
236,2.0,9.0,50.0,5643.4,16.5,0.0,0.0,0.0,0.0,2.0,-203.232941176471,17.6235294117647,33.7686274509804,2.0,869.752941176471,24.0,12.0,22.0459142394822,44.0918284789644,1.0,0.0,0.0,28.0,0.0,1.0,0.0,0.0,0.0,0.0
10,2.0,44.0,9.6,2805.0,16.0,0.0,0.0,0.0,0.0,2.0,-203.232941176471,17.6235294117647,33.7686274509804,2.0,869.752941176471,120.0,12.0,22.0459142394822,44.0918284789644,1.0,0.1,3.0,30.0,6.0,3.0,0.0,0.0,0.0,0.0
268,2.0,2.0,100.0,1660.45,18.0,0.0,0.0,0.0,0.0,9.0,-134.4,6.0,6.0,3.0,126.0,288.0,2.0,2.0,0.0,1.0,0.0,0.0,30.0,0.0,2.0,0.0,0.0,0.0,0.0
413,2.0,1.0,20.0,2805.0,15.58,0.0,0.0,0.0,0.0,4.0,2575.9,40.0,52.0,4.0,596.0,96.0,16.0,24.0,28.0,1.0,0.1,3.0,30.0,6.0,3.0,1.0,0.0,0.0,2.0
256,2.0,2.0,0.0,1660.45,18.0,0.0,0.0,0.0,0.0,2.0,-203.232941176471,17.6235294117647,33.7686274509804,2.0,869.752941176471,120.0,12.0,22.0459142394822,44.0918284789644,1.0,0.0,0.0,30.0,6.0,1.0,0.0,0.0,0.0,0.0
32,2.0,1.0,30.0,2805.0,15.58,0.0,0.0,0.0,0.0,4.0,3394.8,40.0,56.0,0.0,536.0,120.0,13.0,24.0,20.0,1.0,0.0,0.0,35.0,3.79,2.0,0.0,0.0,0.0,0.0
41,2.0,44.0,41.6,2805.0,16.0,2.0,70.0,0.0,0.0,2.0,-203.232941176471,17.6235294117647,33.7686274509804,2.0,869.752941176471,120.0,12.0,22.0459142394822,44.0918284789644,1.0,0.05,3.0,30.0,6.0,3.0,0.0,0.0,0.0,0.0
286,2.0,2.0,500.0,1660.45,18.0,0.0,0.0,0.0,0.0,2.0,-203.232941176471,17.6235294117647,33.7686274509804,2.0,869.752941176471,22.0,12.0,22.0459142394822,44.0918284789644,4.0,0.0,0.0,30.0,5.5,1.0,0.0,0.0,0.0,0.0
166,2.0,1.0,20.0,2805.0,15.58,0.0,0.0,0.0,0.0,2.0,-203.232941176471,17.6235294117647,33.7686274509804,2.0,869.752941176471,144.0,12.0,22.0459142394822,44.0918284789644,1.0,0.1,0.0,30.0,0.0,1.0,0.0,0.0,0.0,0.0
34,2.0,44.0,23.0,2805.0,16.0,0.0,0.0,0.0,0.0,2.0,-203.232941176471,17.6235294117647,33.7686274509804,2.0,869.752941176471,120.0,12.0,22.0459142394822,44.0918284789644,1.0,0.05,3.0,30.0,6.5,3.0,0.0,0.0,0.0,0.0
331,2.0,4.0,60.0,874.0,14.55,2.0,50.0,0.0,0.0,10.0,-63.0,1.0,1.82,0.51,0.0,140.0,0.0,0.0,0.0,5.0,0.0,0.0,25.0,4.6,1.0,0.0,0.0,0.0,0.0
371,2.0,1.0,19.92,2805.0,15.58,0.0,0.0,0.0,0.0,4.0,2575.9,40.0,52.0,4.0,596.0,168.0,16.0,24.0,28.0,1.0,0.1,3.0,30.0,6.0,3.0,0.0,0.0,0.0,0.0
141,2.0,1.0,40.0,2805.0,15.58,0.0,0.0,0.0,0.0,4.0,3394.8,40.0,56.0,0.0,536.0,96.0,13.0,24.0,20.0,1.0,0.0,0.0,25.0,3.84,2.0,0.0,0.0,0.0,0.0
16,2.0,44.0,200.0,2805.0,16.0,0.0,0.0,0.0,0.0,2.0,-203.232941176471,17.6235294117647,33.7686274509804,2.0,869.752941176471,250.0,12.0,22.0459142394822,44.0918284789644,1.0,0.05,3.0,30.0,5.5,3.0,0.0,0.0,0.0,0.0
320,2.0,4.0,48.0,874.0,14.55,0.0,0.0,0.0,0.0,10.0,-63.0,1.0,1.82,0.51,0.0,96.0,0.0,0.0,0.0,1.0,0.0,0.0,30.0,6.0,1.0,0.0,0.0,0.0,0.0
342,2.0,1.0,20.0,2805.0,15.58,0.0,0.0,0.0,0.0,4.0,3394.8,40.0,56.0,0.0,536.0,48.0,13.0,24.0,20.0,1.0,0.0,0.0,30.0,5.5,2.0,0.0,0.0,0.0,0.0
333,2.0,2.0,60.0,1660.45,18.0,0.0,0.0,0.0,0.0,10.0,-63.0,1.0,1.82,0.51,0.0,288.0,0.0,0.0,0.0,5.0,0.0,0.0,30.0,0.0,2.0,0.0,0.0,0.0,0.0
133,2.0,1.0,40.0,2805.0,15.58,0.0,0.0,0.0,0.0,2.0,-203.232941176471,17.6235294117647,33.7686274509804,2.0,869.752941176471,48.0,12.0,22.0459142394822,44.0918284789644,1.0,0.3,0.0,30.0,5.5,1.0,0.0,0.0,0.0,0.0
392,2.0,1.0,19.92,2805.0,15.58,0.0,0.0,0.0,0.0,10.0,0.0,0.0,0.0,0.0,0.0,168.0,0.0,0.0,0.0,1.0,0.1,3.0,30.0,6.0,3.0,0.0,0.0,0.0,0.0
363,2.0,1.0,0.0,2805.0,15.58,1.0,0.0,0.0,0.0,2.0,-203.232941176471,17.6235294117647,33.7686274509804,2.0,869.752941176471,120.0,12.0,22.0459142394822,44.0918284789644,1.0,0.0,0.0,35.0,8.26,2.0,0.0,0.0,0.0,0.0
303,2.0,2.0,0.0,1660.45,18.0,1.0,60.0,0.0,0.0,2.0,-203.232941176471,17.6235294117647,33.7686274509804,2.0,869.752941176471,142.0,12.0,22.0459142394822,44.0918284789644,1.0,0.0,0.0,28.0,0.0,2.0,0.0,0.0,0.0,0.0
13,2.0,44.0,9.6,2805.0,16.0,0.0,0.0,0.0,0.0,2.0,-203.232941176471,17.6235294117647,33.7686274509804,2.0,869.752941176471,120.0,12.0,22.0459142394822,44.0918284789644,1.0,0.1,3.0,30.0,6.0,3.0,0.0,0.0,0.0,0.0
341,2.0,1.0,20.0,2805.0,15.58,0.0,0.0,0.0,0.0,4.0,3394.8,40.0,56.0,0.0,536.0,48.0,13.0,24.0,20.0,1.0,0.0,0.0,30.0,5.5,2.0,0.0,0.0,0.0,0.0
47,2.0,44.0,41.6,2805.0,16.0,2.0,70.0,0.0,0.0,2.0,-203.232941176471,17.6235294117647,33.7686274509804,2.0,869.752941176471,120.0,12.0,22.0459142394822,44.0918284789644,1.0,0.05,3.0,30.0,6.0,3.0,0.0,0.0,0.0,0.0
412,2.0,1.0,19.92,2805.0,15.58,0.0,0.0,0.0,0.0,4.0,2575.9,40.0,52.0,4.0,596.0,96.0,16.0,24.0,28.0,1.0,0.1,3.0,30.0,6.0,3.0,0.0,0.0,0.0,0.0
126,2.0,1.0,54.0,2805.0,15.58,0.0,0.0,0.0,0.0,2.0,-203.232941176471,17.6235294117647,33.7686274509804,2.0,869.752941176471,96.0,12.0,22.0459142394822,44.0918284789644,1.0,0.05,0.0,30.0,6.0,1.0,0.0,0.0,0.0,0.0
386,2.0,1.0,19.92,2805.0,15.58,0.0,0.0,0.0,0.0,4.0,2575.9,40.0,52.0,4.0,596.0,168.0,16.0,24.0,28.0,1.0,0.1,3.0,30.0,6.0,3.0,0.0,0.0,0.0,0.0
119,2.0,1.0,500.0,2805.0,15.58,0.0,0.0,0.0,0.0,2.0,-203.232941176471,17.6235294117647,33.7686274509804,2.0,869.752941176471,144.0,12.0,22.0459142394822,44.0918284789644,1.0,0.05,0.0,30.0,6.0,1.0,0.0,0.0,0.0,0.0
194,2.0,1.0,70.0,2805.0,15.58,3.0,13.85,1988.0,10.35,2.0,-203.232941176471,17.6235294117647,33.7686274509804,2.0,869.752941176471,264.0,12.0,22.0459142394822,44.0918284789644,4.0,0.0,0.0,15.0,4.9,1.0,0.0,0.0,0.0,0.0
228,2.0,9.0,100.0,5643.4,16.5,0.0,0.0,0.0,0.0,2.0,-203.232941176471,17.6235294117647,33.7686274509804,2.0,869.752941176471,24.0,12.0,22.0459142394822,44.0918284789644,4.0,0.0,0.0,28.0,0.0,1.0,0.0,0.0,0.0,0.0
125,2.0,1.0,54.0,2805.0,15.58,0.0,0.0,0.0,0.0,2.0,-203.232941176471,17.6235294117647,33.7686274509804,2.0,869.752941176471,96.0,12.0,22.0459142394822,44.0918284789644,1.0,0.05,0.0,30.0,6.0,1.0,0.0,0.0,0.0,0.0
137,2.0,1.0,40.0,2805.0,15.58,0.0,0.0,0.0,0.0,2.0,-203.232941176471,17.6235294117647,33.7686274509804,2.0,869.752941176471,144.0,12.0,22.0459142394822,44.0918284789644,1.0,0.3,0.0,30.0,5.5,1.0,0.0,0.0,0.0,0.0
277,2.0,43.0,100.0,34734.5,17.9,0.0,0.0,0.0,0.0,9.0,-134.4,6.0,6.0,3.0,126.0,120.0,2.0,2.0,0.0,1.0,0.0,0.0,30.0,6.5,2.0,0.0,0.0,0.0,0.0
377,2.0,1.0,19.92,2805.0,15.58,0.0,0.0,0.0,0.0,4.0,2575.9,40.0,52.0,4.0,596.0,168.0,16.0,24.0,28.0,1.0,0.1,3.0,30.0,6.0,3.0,0.0,0.0,0.0,0.0
33,2.0,1.0,81.9,2805.0,15.58,0.0,0.0,0.0,0.0,4.0,3394.8,40.0,56.0,0.0,536.0,120.0,13.0,24.0,20.0,1.0,0.0,0.0,30.0,6.25,2.0,0.0,0.0,0.0,0.0
160,2.0,1.0,50.0,2805.0,15.58,0.0,0.0,0.0,0.0,2.0,-203.232941176471,17.6235294117647,33.7686274509804,2.0,869.752941176471,144.0,12.0,22.0459142394822,44.0918284789644,1.0,0.1,0.0,30.0,0.0,1.0,0.0,0.0,0.0,0.0
202,2.0,1.0,40.0,2805.0,15.58,3.0,52.0,1988.0,10.35,2.0,-203.232941176471,17.6235294117647,33.7686274509804,2.0,869.752941176471,96.0,12.0,22.0459142394822,44.0918284789644,1.0,0.0,0.0,30.0,7.4,1.0,0.0,0.0,0.0,0.0
212,2.0,7.0,40.0,2342.2,16.0,0.0,0.0,0.0,0.0,2.0,-203.232941176471,17.6235294117647,33.7686274509804,2.0,869.752941176471,310.0,12.0,22.0459142394822,44.0918284789644,1.0,0.0,0.0,30.0,5.3,1.0,0.0,0.0,0.0,0.0
55,2.0,44.0,20.0,2805.0,16.0,0.0,0.0,0.0,0.0,2.0,-203.232941176471,17.6235294117647,33.7686274509804,2.0,869.752941176471,48.0,12.0,22.0459142394822,44.0918284789644,1.0,0.05,1.0,0.0,4.8,1.0,0.0,0.0,0.0,0.0
173,2.0,1.0,59.6,2805.0,15.58,0.0,0.0,0.0,0.0,2.0,-203.232941176471,17.6235294117647,33.7686274509804,2.0,869.752941176471,65.0,12.0,22.0459142394822,44.0918284789644,1.0,0.05,0.0,30.0,5.5,1.0,0.0,0.0,0.0,0.0
405,2.0,1.0,19.92,2805.0,15.58,0.0,0.0,0.0,0.0,10.0,0.0,0.0,0.0,0.0,0.0,168.0,0.0,0.0,0.0,1.0,0.1,3.0,30.0,6.0,3.0,0.0,0.0,0.0,0.0
380,2.0,1.0,19.92,2805.0,15.58,0.0,0.0,0.0,0.0,4.0,2575.9,40.0,52.0,4.0,596.0,168.0,16.0,24.0,28.0,1.0,0.1,3.0,30.0,6.0,3.0,0.0,0.0,0.0,0.0
335,2.0,1.0,50.0,2805.0,15.58,0.0,0.0,0.0,0.0,2.0,-203.232941176471,17.6235294117647,33.7686274509804,2.0,869.752941176471,144.0,12.0,22.0459142394822,44.0918284789644,5.0,0.0,0.0,30.0,5.6,2.0,0.0,0.0,0.0,0.0
289,2.0,2.0,50.0,1660.45,18.0,0.0,0.0,0.0,0.0,2.0,-203.232941176471,17.6235294117647,33.7686274509804,2.0,869.752941176471,280.0,12.0,22.0459142394822,44.0918284789644,4.0,0.0,0.0,28.0,6.0,1.0,0.0,0.0,0.0,0.0
114,2.0,1.0,500.0,2805.0,15.58,0.0,0.0,0.0,0.0,2.0,-203.232941176471,17.6235294117647,33.7686274509804,2.0,869.752941176471,72.0,12.0,22.0459142394822,44.0918284789644,1.0,0.2,0.0,30.0,5.0,1.0,0.0,0.0,0.0,0.0
83,2.0,1.0,13.0,2805.0,15.58,0.0,0.0,0.0,0.0,2.0,-203.232941176471,17.6235294117647,33.7686274509804,2.0,869.752941176471,38.0,12.0,22.0459142394822,44.0918284789644,4.0,1.5,0.0,28.0,5.8,1.0,0.0,0.0,0.0,0.0
249,2.0,2.5,80.0,1660.45,18.0,0.0,0.0,0.0,0.0,2.0,-203.232941176471,17.6235294117647,33.7686274509804,2.0,869.752941176471,168.0,12.0,22.0459142394822,44.0918284789644,1.0,0.0,0.0,30.0,7.0,1.0,0.0,0.0,0.0,0.0
366,2.0,1.0,19.92,2805.0,15.58,0.0,0.0,0.0,0.0,4.0,2575.9,40.0,52.0,4.0,596.0,168.0,16.0,24.0,28.0,1.0,0.1,3.0,30.0,6.0,3.0,0.0,0.0,0.0,0.0
255,2.0,2.5,0.0,1660.45,18.0,0.0,0.0,0.0,0.0,2.0,-203.232941176471,17.6235294117647,33.7686274509804,2.0,869.752941176471,168.0,12.0,22.0459142394822,44.0918284789644,1.0,0.0,0.0,30.0,6.0,1.0,0.0,0.0,0.0,0.0
297,2.0,2.0,48.6,1660.45,18.0,3.0,69.0,0.0,0.0,2.0,-203.232941176471,17.6235294117647,33.7686274509804,2.0,869.752941176471,359.0,12.0,22.0459142394822,44.0918284789644,1.0,0.0,0.0,28.0,6.0,1.0,0.0,0.0,0.0,0.0
54,2.0,44.0,20.0,2805.0,16.0,0.0,0.0,0.0,0.0,2.0,-203.232941176471,17.6235294117647,33.7686274509804,2.0,869.752941176471,75.0,12.0,22.0459142394822,44.0918284789644,1.0,0.05,3.0,27.0,6.0,3.0,0.0,0.0,0.0,0.0
38,2.0,44.0,41.6,2805.0,16.0,9.0,2.0,0.0,0.0,2.0,-203.232941176471,17.6235294117647,33.7686274509804,2.0,869.752941176471,168.0,12.0,22.0459142394822,44.0918284789644,1.0,0.1,3.0,30.0,7.0,3.0,0.0,0.0,0.0,0.0
147,2.0,1.0,50.0,2805.0,15.58,0.0,0.0,0.0,0.0,4.0,3394.8,40.0,56.0,0.0,536.0,168.0,13.0,24.0,20.0,1.0,0.0,0.0,22.0,5.0,2.0,0.0,0.0,0.0,0.0
108,2.0,1.0,35.0,2805.0,15.58,0.0,0.0,0.0,0.0,2.0,-203.232941176471,17.6235294117647,33.7686274509804,2.0,869.752941176471,28.0,12.0,22.0459142394822,44.0918284789644,1.0,0.045,0.0,30.0,6.0,1.0,0.0,0.0,0.0,0.0
360,2.0,2.0,29.6,1660.45,18.0,0.0,0.0,0.0,0.0,10.0,-63.0,1.0,1.82,0.51,0.0,288.0,0.0,0.0,0.0,1.0,0.0,0.0,30.0,0.0,2.0,0.0,0.0,0.0,0.0
279,2.0,43.0,100.0,34734.5,17.9,0.0,0.0,0.0,0.0,9.0,-134.4,6.0,6.0,3.0,126.0,168.0,2.0,2.0,0.0,1.0,0.0,0.0,30.0,6.5,2.0,0.0,0.0,0.0,0.0
65,2.0,44.0,50.0,2805.0,16.0,0.0,0.0,0.0,0.0,2.0,-203.232941176471,17.6235294117647,33.7686274509804,2.0,869.752941176471,72.0,12.0,22.0459142394822,44.0918284789644,1.0,0.05,3.0,30.0,0.0,3.0,0.0,0.0,0.0,0.0
235,2.0,9.0,20.0,5643.4,16.5,0.0,0.0,0.0,0.0,2.0,-203.232941176471,17.6235294117647,33.7686274509804,2.0,869.752941176471,24.0,12.0,22.0459142394822,44.0918284789644,1.0,0.0,0.0,28.0,0.0,1.0,0.0,0.0,0.0,0.0
308,2.0,2.0,0.0,1660.45,18.0,1.0,60.0,0.0,0.0,2.0,-203.232941176471,17.6235294117647,33.7686274509804,2.0,869.752941176471,142.0,12.0,22.0459142394822,44.0918284789644,1.0,0.0,0.0,28.0,0.0,2.0,0.0,0.0,0.0,0.0
364,2.0,1.0,20.0,2805.0,15.58,1.0,0.0,0.0,0.0,2.0,-203.232941176471,17.6235294117647,33.7686274509804,2.0,869.752941176471,168.0,12.0,22.0459142394822,44.0918284789644,1.0,0.0,0.0,25.0,8.17,2.0,0.0,0.0,0.0,0.0
248,2.0,2.5,40.0,1660.45,18.0,0.0,0.0,0.0,0.0,2.0,-203.232941176471,17.6235294117647,33.7686274509804,2.0,869.752941176471,168.0,12.0,22.0459142394822,44.0918284789644,1.0,0.0,0.0,30.0,7.0,1.0,0.0,0.0,0.0,0.0
347,2.0,1.0,90.0,2805.0,15.58,0.0,0.0,0.0,0.0,2.0,-203.232941176471,17.6235294117647,33.7686274509804,2.0,869.752941176471,144.0,12.0,22.0459142394822,44.0918284789644,1.0,0.0,0.0,26.0,6.0,2.0,0.0,0.0,0.0,0.0
352,2.0,1.0,90.0,2805.0,15.58,0.0,0.0,0.0,0.0,2.0,-203.232941176471,17.6235294117647,33.7686274509804,2.0,869.752941176471,96.0,12.0,22.0459142394822,44.0918284789644,1.0,0.0,0.0,28.0,0.0,2.0,0.0,0.0,0.0,0.0
348,2.0,1.0,90.0,2805.0,15.58,0.0,0.0,0.0,0.0,2.0,-203.232941176471,17.6235294117647,33.7686274509804,2.0,869.752941176471,120.0,12.0,22.0459142394822,44.0918284789644,1.0,0.0,0.0,26.0,6.0,2.0,0.0,0.0,0.0,0.0
304,2.0,2.0,0.0,1660.45,18.0,1.0,60.0,0.0,0.0,2.0,-203.232941176471,17.6235294117647,33.7686274509804,2.0,869.752941176471,142.0,12.0,22.0459142394822,44.0918284789644,1.0,0.0,0.0,28.0,0.0,2.0,0.0,0.0,0.0,0.0
69,2.0,44.0,150.0,2805.0,16.0,0.0,0.0,0.0,0.0,2.0,-203.232941176471,17.6235294117647,33.7686274509804,2.0,869.752941176471,48.0,12.0,22.0459142394822,44.0918284789644,4.0,0.05,1.0,0.0,4.8,1.0,0.0,0.0,0.0,0.0
301,2.0,2.0,50.0,1660.45,18.0,1.0,60.0,0.0,0.0,2.0,-203.232941176471,17.6235294117647,33.7686274509804,2.0,869.752941176471,142.0,12.0,22.0459142394822,44.0918284789644,1.0,0.0,0.0,28.0,0.0,2.0,0.0,0.0,0.0,0.0
398,2.0,1.0,19.92,2805.0,15.58,0.0,0.0,0.0,0.0,10.0,0.0,0.0,0.0,0.0,0.0,168.0,0.0,0.0,0.0,1.0,0.1,3.0,30.0,6.0,3.0,0.0,0.0,0.0,0.0
379,2.0,1.0,19.92,2805.0,15.58,0.0,0.0,0.0,0.0,4.0,2575.9,40.0,52.0,4.0,596.0,168.0,16.0,24.0,28.0,1.0,0.1,3.0,30.0,6.0,3.0,0.0,0.0,0.0,0.0
374,2.0,1.0,19.92,2805.0,15.58,0.0,0.0,0.0,0.0,4.0,2575.9,40.0,52.0,4.0,596.0,168.0,16.0,24.0,28.0,1.0,0.1,3.0,30.0,6.0,3.0,0.0,0.0,0.0,0.0
264,2.0,2.0,46.0,1660.45,18.0,0.0,0.0,0.0,0.0,2.0,-203.232941176471,17.6235294117647,33.7686274509804,2.0,869.752941176471,60.0,12.0,22.0459142394822,44.0918284789644,1.0,0.0,0.0,30.0,0.0,1.0,0.0,0.0,0.0,0.0
298,2.0,2.0,30.0,1660.45,18.0,3.0,69.0,0.0,0.0,2.0,-203.232941176471,17.6235294117647,33.7686274509804,2.0,869.752941176471,119.0,12.0,22.0459142394822,44.0918284789644,1.0,0.0,0.0,28.0,6.0,1.0,0.0,0.0,0.0,0.0
156,2.0,1.0,50.0,2805.0,15.58,0.0,0.0,0.0,0.0,2.0,-203.232941176471,17.6235294117647,33.7686274509804,2.0,869.752941176471,192.0,12.0,22.0459142394822,44.0918284789644,1.0,0.3,0.0,30.0,5.5,1.0,0.0,0.0,0.0,0.0
201,2.0,1.0,70.0,2805.0,15.58,3.0,13.85,1988.0,10.35,2.0,-203.232941176471,17.6235294117647,33.7686274509804,2.0,869.752941176471,264.0,12.0,22.0459142394822,44.0918284789644,1.0,0.0,0.0,22.0,4.9,1.0,0.0,0.0,0.0,0.0
124,2.0,1.0,54.0,2805.0,15.58,9.0,2.0,5643.4,16.5,2.0,-203.232941176471,17.6235294117647,33.7686274509804,2.0,869.752941176471,168.0,12.0,22.0459142394822,44.0918284789644,1.0,0.05,0.0,30.0,7.0,2.0,0.0,0.0,0.0,0.0
300,2.0,2.0,50.0,1660.45,18.0,1.0,60.0,0.0,0.0,2.0,-203.232941176471,17.6235294117647,33.7686274509804,2.0,869.752941176471,142.0,12.0,22.0459142394822,44.0918284789644,1.0,0.0,0.0,28.0,0.0,2.0,0.0,0.0,0.0,0.0
30,2.0,1.0,100.0,2805.0,15.58,0.0,0.0,0.0,0.0,4.0,3394.8,40.0,56.0,0.0,536.0,72.0,13.0,24.0,20.0,1.0,0.0,0.0,25.0,3.73,2.0,0.0,0.0,0.0,0.0
162,2.0,1.0,50.0,2805.0,15.58,0.0,0.0,0.0,0.0,2.0,-203.232941176471,17.6235294117647,33.7686274509804,2.0,869.752941176471,144.0,12.0,22.0459142394822,44.0918284789644,1.0,0.1,0.0,30.0,0.0,1.0,0.0,0.0,0.0,0.0
70,2.0,44.0,150.0,2805.0,16.0,0.0,0.0,0.0,0.0,2.0,-203.232941176471,17.6235294117647,33.7686274509804,2.0,869.752941176471,96.0,12.0,22.0459142394822,44.0918284789644,4.0,0.016,3.0,30.0,7.4,3.0,0.0,0.0,0.0,0.0
0,2.0,44.0,0.0,2805.0,16.0,0.0,0.0,0.0,0.0,8.0,0.0,10.0,18.0,1.0,154.0,168.0,0.0,0.0,0.0,4.0,2.0,3.0,23.0,7.4,3.0,0.0,0.0,0.0,0.0
358,2.0,2.0,40.0,1660.45,18.0,0.0,0.0,0.0,0.0,10.0,-63.0,1.0,1.82,0.51,0.0,288.0,0.0,0.0,0.0,1.0,0.0,0.0,30.0,0.0,2.0,0.0,0.0,0.0,0.0
327,2.0,1.0,60.0,2805.0,15.58,0.0,0.0,0.0,0.0,4.0,3394.8,40.0,56.0,0.0,536.0,48.0,13.0,24.0,20.0,5.0,0.0,0.0,30.0,5.5,2.0,0.0,0.0,0.0,0.0
274,2.0,16.0,48.2,2792.0,15.5,14.0,30.0,0.0,0.0,9.0,-134.4,6.0,6.0,3.0,126.0,120.0,2.0,2.0,0.0,1.0,0.0,0.0,30.0,6.0,1.0,0.0,0.0,0.0,0.0
153,2.0,1.0,50.0,2805.0,15.58,0.0,0.0,0.0,0.0,2.0,-203.232941176471,17.6235294117647,33.7686274509804,2.0,869.752941176471,120.0,12.0,22.0459142394822,44.0918284789644,1.0,0.3,0.0,30.0,5.5,1.0,0.0,0.0,0.0,0.0
288,2.0,2.0,50.0,1660.45,18.0,0.0,0.0,0.0,0.0,2.0,-203.232941176471,17.6235294117647,33.7686274509804,2.0,869.752941176471,104.0,12.0,22.0459142394822,44.0918284789644,4.0,0.0,0.0,30.0,5.5,1.0,0.0,0.0,0.0,0.0
17,2.0,44.0,20.0,2805.0,16.0,0.0,0.0,0.0,0.0,2.0,-203.232941176471,17.6235294117647,33.7686274509804,2.0,869.752941176471,120.0,12.0,22.0459142394822,44.0918284789644,1.0,0.05,3.0,25.0,6.0,3.0,0.0,0.0,0.0,0.0
391,2.0,1.0,19.92,2805.0,15.58,0.0,0.0,0.0,0.0,10.0,0.0,0.0,0.0,0.0,0.0,168.0,0.0,0.0,0.0,1.0,0.1,3.0,30.0,6.0,3.0,0.0,0.0,0.0,0.0
151,2.0,1.0,90.0,2805.0,15.58,0.0,0.0,0.0,0.0,2.0,-203.232941176471,17.6235294117647,33.7686274509804,2.0,869.752941176471,72.0,12.0,22.0459142394822,44.0918284789644,1.0,0.3,0.0,30.0,5.5,1.0,0.0,0.0,0.0,0.0
84,2.0,1.0,13.0,2805.0,15.58,0.0,0.0,0.0,0.0,2.0,-203.232941176471,17.6235294117647,33.7686274509804,2.0,869.752941176471,140.0,12.0,22.0459142394822,44.0918284789644,4.0,6.0,0.0,30.0,5.5,1.0,0.0,0.0,0.0,0.0
102,2.0,1.0,70.0,2805.0,15.58,0.0,0.0,0.0,0.0,2.0,-203.232941176471,17.6235294117647,33.7686274509804,2.0,869.752941176471,28.0,12.0,22.0459142394822,44.0918284789644,1.0,0.045,0.0,30.0,6.0,1.0,0.0,0.0,0.0,0.0
396,2.0,1.0,19.92,2805.0,15.58,0.0,0.0,0.0,0.0,10.0,0.0,0.0,0.0,0.0,0.0,168.0,0.0,0.0,0.0,1.0,0.1,3.0,30.0,6.0,3.0,0.0,0.0,0.0,0.0
375,2.0,1.0,19.92,2805.0,15.58,0.0,0.0,0.0,0.0,4.0,2575.9,40.0,52.0,4.0,596.0,168.0,16.0,24.0,28.0,1.0,0.1,3.0,30.0,6.0,3.0,0.0,0.0,0.0,0.0
35,2.0,44.0,23.0,2805.0,16.0,0.0,0.0,0.0,0.0,2.0,-203.232941176471,17.6235294117647,33.7686274509804,2.0,869.752941176471,72.0,12.0,22.0459142394822,44.0918284789644,1.0,0.5,3.0,30.0,5.5,3.0,0.0,0.0,0.0,0.0
189,2.0,1.0,98.0,2805.0,15.58,3.0,21.1,1988.0,10.35,2.0,-203.232941176471,17.6235294117647,33.7686274509804,2.0,869.752941176471,96.0,12.0,22.0459142394822,44.0918284789644,5.0,0.0,0.0,30.0,7.4,1.0,0.0,0.0,0.0,0.0
309,2.0,2.0,0.0,1660.45,18.0,1.0,60.0,0.0,0.0,2.0,-203.232941176471,17.6235294117647,33.7686274509804,2.0,869.752941176471,142.0,12.0,22.0459142394822,44.0918284789644,1.0,0.0,0.0,28.0,0.0,2.0,0.0,0.0,0.0,0.0
207,2.0,1.0,92.0,2805.0,15.58,0.0,0.0,0.0,0.0,2.0,-203.232941176471,17.6235294117647,33.7686274509804,2.0,869.752941176471,120.0,12.0,22.0459142394822,44.0918284789644,1.0,0.0,0.0,33.0,0.0,1.0,0.0,0.0,0.0,0.0
92,2.0,1.0,70.0,2805.0,15.58,0.0,0.0,0.0,0.0,2.0,-203.232941176471,17.6235294117647,33.7686274509804,2.0,869.752941176471,144.0,12.0,22.0459142394822,44.0918284789644,1.0,5.0,0.0,30.0,4.5,1.0,0.0,0.0,0.0,0.0
171,2.0,1.0,59.6,2805.0,15.58,0.0,0.0,0.0,0.0,2.0,-203.232941176471,17.6235294117647,33.7686274509804,2.0,869.752941176471,108.0,12.0,22.0459142394822,44.0918284789644,1.0,0.05,0.0,30.0,6.0,1.0,0.0,0.0,0.0,0.0
231,2.0,9.0,48.2,5643.4,16.5,0.0,0.0,0.0,0.0,2.0,-203.232941176471,17.6235294117647,33.7686274509804,2.0,869.752941176471,24.0,12.0,22.0459142394822,44.0918284789644,4.0,0.0,0.0,28.0,0.0,1.0,0.0,0.0,0.0,0.0
139,2.0,1.0,40.0,2805.0,15.58,0.0,0.0,0.0,0.0,2.0,-203.232941176471,17.6235294117647,33.7686274509804,2.0,869.752941176471,192.0,12.0,22.0459142394822,44.0918284789644,1.0,0.3,0.0,30.0,5.5,1.0,0.0,0.0,0.0,0.0
254,2.0,2.5,0.0,1660.45,18.0,0.0,0.0,0.0,0.0,2.0,-203.232941176471,17.6235294117647,33.7686274509804,2.0,869.752941176471,360.0,12.0,22.0459142394822,44.0918284789644,1.0,0.0,0.0,28.0,6.0,2.0,0.0,0.0,0.0,0.0
104,2.0,1.0,70.0,2805.0,15.58,0.0,0.0,0.0,0.0,2.0,-203.232941176471,17.6235294117647,33.7686274509804,2.0,869.752941176471,28.0,12.0,22.0459142394822,44.0918284789644,1.0,0.045,0.0,30.0,6.0,1.0,0.0,0.0,0.0,0.0
6,2.0,44.0,0.0,2805.0,16.0,0.0,0.0,0.0,0.0,2.0,-203.232941176471,17.6235294117647,33.7686274509804,2.0,869.752941176471,36.0,12.0,22.0459142394822,44.0918284789644,4.0,2.0,3.0,30.0,5.5,3.0,0.0,0.0,0.0,0.0
66,2.0,44.0,0.0,2805.0,16.0,0.0,0.0,0.0,0.0,2.0,-203.232941176471,17.6235294117647,33.7686274509804,2.0,869.752941176471,72.0,12.0,22.0459142394822,44.0918284789644,1.0,0.05,3.0,30.0,0.0,3.0,0.0,0.0,0.0,0.0
170,2.0,1.0,59.6,2805.0,15.58,0.0,0.0,0.0,0.0,2.0,-203.232941176471,17.6235294117647,33.7686274509804,2.0,869.752941176471,108.0,12.0,22.0459142394822,44.0918284789644,1.0,0.05,0.0,30.0,6.0,1.0,0.0,0.0,0.0,0.0
211,2.0,7.0,40.0,2342.2,16.0,0.0,0.0,0.0,0.0,2.0,-203.232941176471,17.6235294117647,33.7686274509804,2.0,869.752941176471,385.0,12.0,22.0459142394822,44.0918284789644,1.0,0.0,0.0,30.0,5.3,1.0,0.0,0.0,0.0,0.0
9,2.0,44.0,0.0,2805.0,16.0,0.0,0.0,0.0,0.0,2.0,-203.232941176471,17.6235294117647,33.7686274509804,2.0,869.752941176471,92.0,12.0,22.0459142394822,44.0918284789644,4.0,1.5,1.0,27.0,6.0,1.0,0.0,0.0,0.0,0.0
258,2.0,2.0,80.0,1660.45,18.0,0.0,0.0,0.0,0.0,2.0,-203.232941176471,17.6235294117647,33.7686274509804,2.0,869.752941176471,120.0,12.0,22.0459142394822,44.0918284789644,1.0,0.0,0.0,30.0,6.0,1.0,0.0,0.0,0.0,0.0
410,2.0,1.0,19.92,2805.0,15.58,0.0,0.0,0.0,0.0,10.0,0.0,0.0,0.0,0.0,0.0,168.0,0.0,0.0,0.0,1.0,0.1,3.0,30.0,6.0,3.0,0.0,0.0,0.0,0.0
192,2.0,1.0,70.0,2805.0,15.58,3.0,13.85,1988.0,10.35,2.0,-203.232941176471,17.6235294117647,33.7686274509804,2.0,869.752941176471,264.0,12.0,22.0459142394822,44.0918284789644,1.0,0.0,0.0,8.0,4.9,1.0,0.0,0.0,0.0,0.0
93,2.0,1.0,70.0,2805.0,15.58,3.0,17.6,1988.0,10.35,2.0,-203.232941176471,17.6235294117647,33.7686274509804,2.0,869.752941176471,96.0,12.0,22.0459142394822,44.0918284789644,1.0,0.9,0.0,30.0,7.4,1.0,0.0,0.0,0.0,0.0
27,2.0,44.0,100.0,2805.0,16.0,0.0,0.0,0.0,0.0,2.0,-203.232941176471,17.6235294117647,33.7686274509804,2.0,869.752941176471,120.0,12.0,22.0459142394822,44.0918284789644,1.0,0.05,3.0,25.0,7.0,3.0,0.0,0.0,0.0,0.0
389,2.0,1.0,19.92,2805.0,15.58,0.0,0.0,0.0,0.0,4.0,2575.9,40.0,52.0,4.0,596.0,168.0,16.0,24.0,28.0,1.0,0.1,3.0,30.0,6.0,3.0,0.0,0.0,0.0,0.0
142,2.0,1.0,40.0,2805.0,15.58,0.0,0.0,0.0,0.0,4.0,3394.8,40.0,56.0,0.0,536.0,96.0,13.0,24.0,20.0,1.0,0.0,0.0,35.0,8.42,2.0,0.0,0.0,0.0,0.0
81,2.0,1.0,13.0,2805.0,15.58,0.0,0.0,0.0,0.0,2.0,-203.232941176471,17.6235294117647,33.7686274509804,2.0,869.752941176471,66.0,12.0,22.0459142394822,44.0918284789644,4.0,0.5,0.0,30.0,4.0,1.0,0.0,0.0,0.0,0.0
260,2.0,2.0,92.0,1660.45,18.0,9.0,2.0,0.0,0.0,2.0,-203.232941176471,17.6235294117647,33.7686274509804,2.0,869.752941176471,168.0,12.0,22.0459142394822,44.0918284789644,1.0,0.0,0.0,30.0,7.0,2.0,0.0,0.0,0.0,0.0
42,2.0,44.0,41.6,2805.0,16.0,2.0,70.0,0.0,0.0,2.0,-203.232941176471,17.6235294117647,33.7686274509804,2.0,869.752941176471,120.0,12.0,22.0459142394822,44.0918284789644,1.0,0.05,3.0,30.0,6.0,3.0,0.0,0.0,0.0,0.0
324,2.0,1.0,60.0,2805.0,15.58,0.0,0.0,0.0,0.0,4.0,3394.8,40.0,56.0,0.0,536.0,48.0,13.0,24.0,20.0,5.0,0.0,0.0,30.0,5.5,2.0,0.0,0.0,0.0,0.0
233,2.0,9.0,20.0,5643.4,16.5,0.0,0.0,0.0,0.0,2.0,-203.232941176471,17.6235294117647,33.7686274509804,2.0,869.752941176471,24.0,12.0,22.0459142394822,44.0918284789644,1.0,0.0,0.0,28.0,0.0,1.0,0.0,0.0,0.0,0.0
190,2.0,1.0,98.0,2805.0,15.58,3.0,13.85,1988.0,10.35,2.0,-203.232941176471,17.6235294117647,33.7686274509804,2.0,869.752941176471,264.0,12.0,22.0459142394822,44.0918284789644,5.0,0.0,0.0,8.0,4.9,1.0,0.0,0.0,0.0,0.0
46,2.0,44.0,41.6,2805.0,16.0,2.0,70.0,0.0,0.0,2.0,-203.232941176471,17.6235294117647,33.7686274509804,2.0,869.752941176471,120.0,12.0,22.0459142394822,44.0918284789644,1.0,0.05,3.0,30.0,6.0,3.0,0.0,0.0,0.0,0.0
39,2.0,44.0,41.6,2805.0,16.0,9.0,2.0,0.0,0.0,2.0,-203.232941176471,17.6235294117647,33.7686274509804,2.0,869.752941176471,168.0,12.0,22.0459142394822,44.0918284789644,1.0,0.1,3.0,30.0,7.0,3.0,0.0,0.0,0.0,0.0
313,2.0,1.0,0.0,2805.0,15.58,0.0,0.0,0.0,0.0,2.0,-203.232941176471,17.6235294117647,33.7686274509804,2.0,869.752941176471,72.0,12.0,22.0459142394822,44.0918284789644,1.0,0.0,0.0,26.0,6.0,2.0,0.0,0.0,0.0,0.0
206,2.0,1.0,92.0,2805.0,15.58,0.0,0.0,0.0,0.0,2.0,-203.232941176471,17.6235294117647,33.7686274509804,2.0,869.752941176471,120.0,12.0,22.0459142394822,44.0918284789644,1.0,0.0,0.0,33.0,0.0,1.0,0.0,0.0,0.0,0.0
290,2.0,2.0,50.0,1660.45,18.0,0.0,0.0,0.0,0.0,2.0,-203.232941176471,17.6235294117647,33.7686274509804,2.0,869.752941176471,220.0,12.0,22.0459142394822,44.0918284789644,4.0,0.0,0.0,28.0,6.0,1.0,0.0,0.0,0.0,0.0
